ObjectFound,WebcamRead,GaussianBlur,ColourConversion,SelectMode,InRangeMorphOpsDisplayDirection,TrackFilteredObject,PIDDist,Facendi,PutText,ShowImage,TimeWaitKey
0,5371419,1269265,1077508,160,6280414,3857809,361,146673,767090,1215054,10774819,
0,5217222,1220765,970769,160,7236496,473362,420,187730,706777,699273,10990320,
0,5280029,1237276,966191,120,5139728,449738,651,187640,708390,898124,10448810,
0,4994497,1186491,1031002,80,5188770,436253,310,6130674,707088,1253396,10682095,
0,5092301,1231054,977091,460,5422505,612050,241,80624144,766298,732114,10132602,
0,5159045,1263073,980557,170,5163883,461440,471,79817850,717407,735861,10513812,
0,5083734,1230633,1058943,130,5223433,494661,511,81422952,718359,742474,10746017,
1,5383653,742033,976009,80,5166948,754316,230,229478,755898,733768,10757027,
0,5206552,754395,967442,81,5196193,468703,351,223797,761018,723418,10984531,
1,5607720,1223961,967342,100,5281993,623652,270,211144,759375,746681,10838729,
1,5306829,762301,969516,80,5189080,628031,231,231492,769093,776678,10392878,
0,5308843,1225954,972172,220,5412135,498609,380,198380,747373,761208,10711432,
0,5264851,878738,981389,80,5394091,504029,450,201917,802745,758653,10620732,
0,7501950,785925,964607,60,5312850,497927,361,202347,749897,732105,11069349,
1,5382680,1445825,982441,240,5253920,622780,460,205834,785453,734169,10583673,
1,5160847,1682345,2727993,131,5241737,881302,270,218187,763372,725883,10335010,
0,5209618,1224201,973444,131,5196604,662996,271,216444,741211,722436,10361319,
0,5309464,1246944,1087125,100,5246687,522454,371,215091,823053,695306,10538810,
0,5320705,751000,966691,90,5128677,503809,380,235038,727826,725603,10405081,
1,5147312,1222589,992559,100,5216220,637327,360,227634,743786,720363,10617056,
0,7247505,765136,966241,70,5220017,517094,371,222795,730341,730100,10192776,
1,12324466,787417,966741,70,5212523,708240,191,229918,767711,723388,10288483,
1,15848323,1233349,972473,120,5207094,709502,110,233275,729689,735080,10826364,
1,11405705,1224030,967693,230,5258058,856366,170,227895,767931,727205,10749443,
0,11162400,999062,968194,160,5171186,474504,190,258882,761249,870642,10302280,
0,16151999,1222509,969998,70,5221260,465357,121,224890,765556,738136,10810895,
0,11784742,1226505,967203,170,5719307,475856,120,228706,893956,748314,10626913,
0,15001776,1229521,973785,240,5405072,460067,121,75865917,722587,743906,10843247,
0,4925238,1221716,974556,170,5611437,541429,101,78937571,728086,750078,10425038,
1,4959431,1700869,3140412,160,5325614,1168288,250,247542,734749,695026,10926902,
1,5024853,767100,980527,160,5171708,1088058,430,271106,753103,714271,10683548,
1,5019463,1698525,1451204,80,5180584,1122402,221,268831,771438,773081,10154462,
1,4971223,1228159,1090742,130,5174052,1065395,230,266427,776186,716606,10581438,
1,4968719,1224341,973624,90,5157401,1035099,390,267278,970139,726574,10766844,
1,5035663,780384,981619,80,5185834,1037304,361,286193,802997,738526,10853154,
1,4911603,755237,967824,70,5124319,1223962,181,274332,762802,727736,10794987,
1,5010287,797617,988682,100,5183821,1053474,260,283739,757853,787568,10819000,
1,5005988,733978,967893,80,5261476,1067029,180,279531,769143,1278362,10779086,
1,4796418,2234473,1182654,180,5181326,1018408,370,260636,779673,730020,10537376,
1,4783895,1219673,975768,100,5231280,1263905,310,278269,780394,714371,10633325,
1,4904449,771608,981769,120,5184292,1184358,141,291753,810792,738065,10571840,
1,5027178,745349,1163518,71,5241048,1188445,280,280884,784682,729519,10597848,
1,4961826,744528,988141,110,5195523,1091033,271,290021,774824,796093,10821305,
1,5019543,757642,966330,170,5205692,1100782,280,268901,760296,730721,10600243,
1,4891675,758453,967142,100,5324203,1177735,211,270965,793107,726624,10600784,
1,14857397,758343,967443,171,5236047,1051519,290,269653,769063,764094,10845099,
1,15268243,1225333,966010,230,5209338,1131048,340,260465,766378,719140,10654345,
1,10933514,749677,964537,351,5189822,1067870,181,264222,754406,969286,10593280,
1,15670383,755177,1090973,230,5192947,1043585,371,269311,765135,721144,10605543,
1,11424039,748074,968235,80,5190923,1055667,270,267970,766829,725371,10564538,
1,11816410,789922,965840,160,5240205,1053734,371,267459,760478,738666,10637092,
1,15400659,755879,1040148,80,5307270,1030962,210,269813,744648,755297,10585005,
1,11444397,1222939,972262,231,5270081,1139082,471,261146,730532,977271,10652602,
1,10817397,753143,966832,191,5240235,1093959,400,279862,768843,878588,10712552,
1,15260939,767179,966481,81,5308913,1075464,310,285031,756370,724710,10836102,
1,11319635,748074,967713,160,5388742,1145014,411,270574,733016,741482,10775711,
1,11064939,1807509,996968,161,5261644,1053704,341,275794,742464,739388,10747749,
1,14578987,753966,1059114,70,5190623,1098537,461,273590,726895,709051,10313849,
1,11648218,1230473,973273,190,5376209,1336230,260,255877,728357,782779,10588843,
1,10697705,1246423,990115,250,5439506,1097896,271,277197,1054174,746370,10527900,
1,14784461,1274886,971140,231,5783968,1169179,310,258782,787176,773481,10665314,
1,10192074,1221356,968595,101,5181956,1354334,271,275304,800571,734077,10569817,
1,15144372,887764,968174,151,5170044,1023477,170,271586,766288,722276,10744141,
1,10957249,1254508,983463,170,5232743,1072809,360,282827,763293,1625258,10207922,
1,10637123,1333895,965990,180,5283245,1127121,311,258452,833553,747422,10487583,
1,15548976,747383,968425,181,5564520,1029939,320,250878,726614,720352,10621985,
1,10846401,924343,1179137,160,5915845,1077288,411,255816,728377,753955,10522207,
1,10236185,765597,967664,170,6563621,1077398,411,263280,734248,755849,10518330,
1,10251094,826070,1357339,240,5393500,1075775,271,258080,740430,736422,10212432,
1,11331155,1730915,972382,160,5210610,1075875,171,261187,731864,819757,10733543,
1,14834264,751291,967082,170,5143575,1049355,151,263380,728036,793538,10611975,
1,11218277,753244,967533,171,5234925,1105039,370,269823,818345,785694,10919699,
1,11080930,749747,967854,171,5235787,1103627,311,260736,736743,716324,10812089,
1,15640225,1232867,974967,160,5171158,1084902,361,255426,728688,722616,10710127,
1,10854017,1154811,968665,150,5181996,1029739,261,263190,718579,773131,10731188,
1,11150940,759686,969416,170,5163572,1098778,230,262840,775054,730211,10941781,
1,15477761,746812,970399,160,5180526,1120728,261,266877,757762,761369,10444814,
1,11462281,757412,966170,220,5264620,1223139,461,259744,743255,753534,10969101,
1,11011581,1251522,1469359,210,5198297,1119617,521,240188,736692,1105360,11005219,
1,10175131,1218591,966050,70,5167580,1192733,380,250497,772670,721174,11085197,
1,14062665,1564937,972883,170,5359688,1229501,291,254784,779612,774504,10735905,
1,10522880,1226525,968595,171,5376900,1219693,191,274903,781426,738987,10649787,
1,10672748,1221957,972051,161,5209919,1196049,381,270935,787116,735100,10856512,
1,10848365,1221506,972162,100,5195624,1176462,420,276205,759305,740620,10717602,
1,14378546,1223921,980337,230,5228022,1150614,371,262048,755067,776206,10821227,
1,10776341,1222058,1039136,251,5232450,1115097,351,259593,758884,727826,10659085,
1,10893459,762421,965419,231,5207516,1154792,281,251208,736833,718960,10619770,
1,15554417,761178,966161,161,5141861,1153420,271,264983,765316,1639725,10812940,
1,10517239,1680732,1443630,280,5235266,1553274,360,258302,748685,1574535,10626383,
1,9016452,1221466,968134,70,5183160,1146626,491,283578,765897,722947,10702173,
1,14766659,1232276,1471562,100,5274298,1100060,441,283879,789481,751350,10412463,
1,10937122,1220114,1084571,231,5206352,1089250,261,267639,759395,728488,10907527,
1,14961390,755388,966832,80,5157551,1081124,190,264282,752853,1005013,10686103,
1,10909501,1676745,1461423,150,5184040,1147418,280,258712,738737,811472,10883852,
1,9633532,1221136,971931,80,5200290,1185539,351,264182,762030,757742,10164112,
1,11449285,1654633,977952,160,5187146,1107023,361,285672,740991,725462,10141689,
1,15310652,1296526,968354,270,5244693,1124425,581,265454,741733,748074,10641911,
1,10710118,1220324,972452,220,5214517,1091664,371,268861,748975,733647,10935339,
1,11054570,1216146,974246,261,5182006,1087016,450,267569,722166,737465,10594212,
1,14783610,1222328,967393,240,5176376,1101302,361,260716,755829,797486,10644014,
1,11404002,1680151,1470590,70,5172148,1066457,370,237212,737054,763603,11368857,
1,8938647,753704,967493,260,5145709,1098638,361,254624,850055,742104,10671436,
1,15649143,788589,967323,171,5842937,1075094,301,232784,747233,748625,10830783,
1,10627155,1639075,974536,70,5266484,1108435,400,263181,765636,727646,11031438,
1,10203934,2038178,1006566,191,5200472,1211237,260,272929,763183,745619,10626802,
1,14386700,1224312,966632,71,5230998,1058663,391,263240,728237,712417,10636300,
1,11202767,1222859,975287,170,5196112,1042803,251,274682,747553,718759,10522319,
1,10769358,749717,967112,160,5157671,1101232,260,272558,733787,778110,10561923,
1,15679899,747623,967413,251,5235266,1123253,311,259463,728037,728818,10566751,
1,11615957,747834,966350,270,5139497,1070375,250,255456,726444,733446,10605003,
1,11993349,789371,967042,90,5155737,1107844,361,273630,754285,797636,11294838,
1,14541568,753365,968144,260,5261625,1150795,321,263321,733066,840105,10535322,
1,11379596,757582,966672,230,5160136,1143591,360,270083,754807,756840,10503955,
1,11844221,1250831,1486039,100,5278016,1120758,250,256729,731603,730822,10972028,
1,10054586,747683,967263,381,5380157,1084921,301,261007,723308,717356,10774397,
1,15424505,1344114,982570,170,5197956,1050167,240,253643,738756,722898,10915302,
1,15176791,756359,966231,260,5438024,2274650,261,579309,781186,716025,10593530,
1,9604639,752924,966331,150,5149857,1058042,160,254705,726985,726634,10958911,
1,10970264,1676213,1477954,190,5167850,1012016,240,252691,724240,746100,10818652,
1,10448961,2113429,1901343,70,5113809,1521856,201,267088,729360,2102118,10403156,
1,7310021,1222308,971590,220,5312221,1095231,481,264523,723408,742404,10464810,
1,11044192,1220554,968104,240,5107137,1091995,260,272157,730121,732905,10479769,
1,15448228,1221867,967443,271,5161599,1098297,261,258742,818786,718048,10838469,
1,11063997,1232657,971640,70,5195173,1126810,170,253783,762762,735039,10160583,
1,15387265,745820,969657,170,5196323,1162767,451,282867,777098,735952,11344662,
1,11057174,1219312,971891,70,5260824,1144693,250,260896,770957,734519,10610151,
1,10677517,1253446,971811,171,5438375,1101663,381,260005,769584,722847,10615782,
1,10989850,1218250,971891,231,5223394,1114436,461,264694,743926,732716,10643795,
1,14775905,820228,965419,240,5204148,1092035,280,253172,716395,745310,10705139,
1,11589997,767741,969146,220,5153203,1136158,261,275374,757591,723027,10687175,
1,15556360,759375,965028,160,5180403,1088108,271,266557,730812,725191,10632465,
1,11597932,749487,969617,151,5085908,1087667,380,274402,752082,735911,10580837,
1,11638868,741061,968685,100,5150820,1052672,471,262229,749757,738115,10127272,
1,12394178,1659934,980768,160,5190252,1057781,491,269833,718939,706537,10638253,
1,14406195,754476,967513,170,5165185,1134345,291,273019,751571,800482,10396333,
1,11740658,1228640,971931,80,5223384,1079612,180,253753,753875,1000284,10130507,
1,15503754,754826,967212,70,5129859,1185178,260,272758,760376,726123,10902355,
1,11387630,751671,967833,231,5113639,1174219,260,266867,747403,757071,10852744,
1,10829190,734489,985647,80,5187617,1118554,631,260004,757111,729289,10628155,
1,15711068,742434,966792,170,5203917,1086835,280,271165,734810,727185,10652833,
1,11723776,791545,968003,161,5181786,1112694,270,267368,722888,726935,11144428,
1,15151376,750248,967884,231,5103199,1084801,260,267899,734639,743195,10741447,
1,11627799,747012,966702,261,5191263,1109578,371,256448,728046,728608,10667059,
1,11407216,753333,967252,220,5198317,1080433,270,262299,733948,767040,10634306,
1,11513635,737385,967303,230,5204319,1090993,371,272377,735882,724620,10665114,
1,15392344,768522,967493,161,5206622,1111701,270,259473,739047,743405,10666428,
1,11631374,748135,967473,190,5184942,1109959,340,261277,732556,778150,10474289,
1,15747336,753524,966761,271,5142623,1166563,391,260987,752392,736813,10344346,
1,12110920,757462,968165,70,5215409,1154852,351,276124,753925,724851,11261156,
1,11110914,1715767,989093,271,5160346,1130396,360,262600,763723,757332,11222983,
1,9277438,1668149,973224,361,5178510,1115178,291,269041,760628,723939,10609921,
1,10643655,1320240,970238,241,5151920,1146988,361,270304,727034,737864,10715308,
1,14815749,1221296,972502,231,5166458,1163739,461,260686,744588,742123,10685623,
1,11125211,1241694,968846,90,5211221,1162857,541,268481,745249,739037,10711290,
1,14958306,1220565,972242,220,5263398,1130577,460,274732,746842,729289,10775041,
1,11030565,1230944,971671,240,5182267,1124797,250,251178,768383,718569,10638634,
1,15076706,800882,968655,231,5252929,1131519,251,262589,797696,731744,10960736,
1,10967879,757301,969948,180,5171126,1198013,431,267819,801123,1706600,10768097,
1,10320471,753965,969377,171,5137545,1160322,380,258221,788268,754326,11096308,
1,10943444,746060,967413,170,5162249,1152698,581,258742,733106,743706,10640168,
1,15544598,1222058,975237,300,5179782,1148972,451,257910,741632,733196,11055403,
1,11204990,1171824,1033806,230,5240117,1156415,180,269252,750668,718298,10620120,
1,14642327,746331,967292,180,5176977,1131709,360,265194,757552,724971,10463920,
1,11704631,763573,967714,260,5123447,1130446,300,255977,735851,731904,10675936,
1,11440298,743716,968374,240,5141322,1173867,190,274942,749065,825318,10813390,
1,11091600,905197,968535,171,5183149,1156835,260,261307,736984,731162,10687486,
1,15350005,759666,965639,241,5173461,1190589,270,273851,766458,725402,10657821,
1,11422495,767090,966481,230,5194712,1148561,181,249656,731753,736683,10630549,
1,11560203,744437,967082,230,5174713,1173307,261,263471,732434,735361,10661377,
1,11421545,1222287,967052,420,5222571,1170010,280,264603,740781,724801,10764611,
0,14897371,784041,967253,261,5166889,886793,220,229558,750869,767721,10530764,
1,12010553,749106,967283,231,5158372,1053994,331,229858,797316,753013,10679841,
1,11423779,1217599,971520,231,5217333,988181,221,213067,786946,734880,10648845,
1,15206146,1268183,967142,231,5215869,1158980,370,268761,797025,735972,10671125,
1,10884845,1224601,971570,230,5222913,1181432,230,263401,804089,743916,10580408,
1,15418962,1219783,973414,311,5148295,1156555,170,251178,788229,734008,10595534,
1,10691875,1219172,968575,221,5146360,1202641,510,274101,809629,748064,10684360,
1,14998742,1216598,967843,281,5147832,1049476,110,245047,788790,738346,10702834,
1,11146150,1197872,966241,90,5228194,1009070,201,232233,779502,726995,11231209,
1,10635942,807155,967694,451,5176667,1015733,190,236671,775776,1009932,11147713,
1,10606615,1001777,965870,100,5123186,1141417,260,260034,771337,723258,10689411,
1,15495878,778561,967995,161,5149386,1182203,281,367605,783731,729650,11258810,
1,10669071,756529,967113,231,5286481,1220935,401,284982,782788,718859,10597119,
1,11097730,805371,967994,170,5343878,1169931,391,269402,776007,719491,10700039,
1,11271874,753445,968625,80,5607359,1125577,321,265154,770276,721765,10984970,
1,14818375,757792,966721,80,5169703,1128443,261,272107,771578,729128,10933425,
1,12738738,756379,1012377,70,5203617,1089841,251,247030,766278,861787,10539039,
0,10206991,1573984,969006,111,5287222,778951,221,234216,751941,738376,10690341,
1,10397317,2055861,983442,161,5175805,1107323,360,262008,790242,719531,10594625,
1,14316668,752442,967303,190,5171539,1144453,391,262489,764715,728337,10654323,
1,11566043,1219233,966451,100,5179872,1142579,160,275323,757512,729980,10684220,
0,15059494,748895,969026,160,5150818,805281,150,223546,752192,741582,10662531,
1,11908391,830899,965288,151,5175976,1168889,271,268891,763052,729309,10260380,
0,11768271,773431,965389,240,5163181,821501,401,228365,757311,1227247,10487724,
1,15768946,1404888,1306534,161,5816850,1230213,271,271175,762832,740280,10484036,
1,10104188,1238388,1408204,161,5191916,1188625,240,263321,780454,835087,10277381,
1,14941075,1233829,1954202,140,5188839,1188224,180,265465,830006,722155,10464069,
1,9688504,801694,964678,81,5199900,1193294,160,244756,775636,804900,10639346,
1,15392455,1221867,968906,230,5352714,1191851,221,232493,789712,791214,10920711,
1,10715571,1235261,966722,361,5185513,1450353,461,288888,767250,717056,10603619,
1,10666106,783961,965749,80,5197948,1191551,281,252851,738486,830898,10532386,
1,15357489,755077,966992,171,5175604,1179227,260,249114,741221,750498,10806649,
1,11865290,1696131,1009100,161,5373262,1434042,291,255066,767650,761469,10726780,
1,9279401,1682606,1460271,341,5262387,1678218,320,251238,753013,1601585,10751966,
1,12750171,751129,965379,70,5131061,1215445,240,253012,749717,725151,11049822,
1,11226169,2228242,990015,170,5363976,1197141,190,261137,751902,1943592,10675262,
1,8500922,1698817,994564,390,5173611,1199125,260,267349,771197,749016,10954192,
1,14507596,746822,966411,231,5255333,1242134,270,254354,733788,812043,10649436,
1,10614169,751340,966702,191,5150850,1121881,130,218177,877856,730221,11115903,
1,11001351,744247,968044,270,5134148,1083839,191,220301,751440,716686,10501028,
1,12064093,1246492,979996,160,5145519,1124285,111,227324,761649,727957,10472216,
1,15096311,1224432,966652,181,5200282,1211167,201,242131,772359,727706,10637402,
1,10943705,1422971,967343,280,5177478,1183475,381,264593,776677,736592,10591397,
1,11023773,822793,966351,70,5311127,1183886,300,255687,768421,721595,10804947,
1,15082877,765296,967844,80,5191013,2186845,270,244556,783059,724561,10870176,
1,10317718,763513,967734,191,5149585,1115559,601,250217,737825,742183,10558225,
1,15723601,1219713,1888860,170,5334090,1107976,260,244336,758914,755378,10840751,
1,9868580,1220134,1044006,101,5183940,1134374,231,256869,751410,735250,10903608,
1,10524524,1378178,972763,80,5201423,1057721,311,254604,815449,754356,10911875,
1,10483024,1325259,968776,170,5195301,1097856,361,223436,747723,722126,10394710,
1,16011137,1223159,989433,230,5195752,1093077,251,246830,718159,759385,10628506,
1,10719327,756219,967182,160,5186535,1165943,491,269262,723538,920445,10599534,
0,11447291,749216,968795,80,5129989,888005,361,265304,724942,725282,10650587,
0,15725786,759946,967453,161,5205601,957434,261,233876,750449,735891,10615673,
1,11603184,745519,964938,170,5229335,1050888,471,203279,785203,716706,10610472,
1,11527220,760176,966421,60,5162602,1146697,622,277487,763222,724710,11017891,
1,15150676,1222177,969987,241,5167439,1256150,240,251158,758233,753735,11190453,
1,10640989,1685501,1355235,160,5209699,1173658,241,266847,799631,741933,11353436,
0,9023876,908173,967784,160,5165576,938138,461,259824,808297,723318,10831635,
1,15345829,752803,1441746,200,5182868,1154732,361,252961,788891,725902,10862481,
1,10853695,1714435,977381,190,5188450,1097345,261,266256,880060,727446,10564476,
0,15150223,755097,967382,161,5201643,802946,100,215291,739278,733276,10108938,
1,12643161,1223901,1013779,80,5148835,889638,220,192178,746381,752903,11198209,
1,10359364,754005,970349,160,5184162,1076506,180,281645,759966,924203,10565278,
0,15441146,755898,967934,80,5205229,779824,231,215261,788319,741512,10616124,
1,11859980,754987,965509,160,5267115,947085,210,206225,730862,726765,11431232,
1,10485220,1232216,973234,81,5174994,1071136,350,249034,728658,985837,10824140,
1,14726102,753384,967042,80,5171968,1286458,161,288117,767330,760327,10464642,
1,11926634,774964,966370,250,5318332,1059023,401,212546,730671,724651,10438582,
1,11471458,1679039,1443610,161,5203075,1030129,210,221082,772409,724169,10342474,
1,14397119,1060416,1378328,210,5198267,993762,111,222605,761670,733026,10449411,
1,11531480,1228029,971140,221,5188167,1064934,70,212306,784662,723949,11110013,
1,11770073,749757,975879,71,5190242,1113465,370,362987,769494,729420,10757878,
1,9781417,743937,965138,291,5174873,1069624,371,262028,770215,737565,10480390,
1,15924877,1696471,1462686,70,5172469,1241543,351,161198445,789531,733728,10611805,
1,5120252,1219893,969246,90,5319632,1079892,591,258752,785384,727285,10334668,
1,5023653,1297619,980336,160,5222282,1071086,261,276224,813275,731734,10766754,
1,4885315,1353082,973143,80,5256224,1063802,461,251639,756109,714602,10722893,
1,4940136,848481,969306,100,5494268,1104618,371,280532,778762,724099,10780250,
0,4851481,809578,968054,90,5806279,906069,431,276024,753033,1618657,10284836,
1,4986392,1246953,974306,160,5170104,1086545,410,267318,745219,744678,10604332,
1,5085086,1975171,979696,100,5174342,1115399,261,272007,795362,714110,10588363,
1,5055230,737484,967233,80,5164845,1110430,501,265224,799079,765797,10538339,
1,5175174,1491078,991628,90,5180884,1095552,371,277337,790493,748244,10597029,
1,5327368,748795,968235,160,5204088,1180520,621,269402,791606,730081,10627735,
1,5209938,759705,981489,80,5174052,1107283,381,272498,752012,821862,10900442,
0,5092299,965229,967844,91,5172300,867237,401,266026,743476,800341,10660976,
1,5019022,2355219,1783814,160,5258710,1146767,260,268811,760988,724610,10589713,
1,8752051,1268824,971029,250,5206252,1109438,361,253542,743105,867026,10136249,
0,15482011,1220935,966381,260,5266143,1023307,341,254294,745129,717186,10601205,
0,11160177,1224162,971982,161,5196804,880461,260,353228,833964,762941,11182367,
1,14611830,2496031,1205407,80,5238822,1127150,681,262960,767480,746982,10598070,
1,9217196,1694217,1509473,170,5311970,1065285,471,233294,775505,746200,10615321,
0,10089353,752813,967492,160,5210329,1058152,250,224479,845024,722877,10560450,
1,11635693,1392355,976089,161,5201122,1151887,351,267869,861445,785032,10339348,
0,10833618,1245801,1441987,311,5233605,871324,281,261498,772479,730382,10617014,
0,14936436,767100,967363,170,5182667,883436,271,269883,772800,735952,11068876,
0,11347495,767400,1009391,71,5195742,1004021,271,262129,789391,727786,10637663,
0,15558897,760937,968144,150,5186926,860584,360,80366762,767320,740370,10621824,
1,5047075,754255,974656,101,5171968,1106582,381,257590,780925,761169,10852344,
1,5022560,773190,967172,90,5168882,1097215,270,263581,775716,750269,10121421,
1,5115122,1270858,1141437,90,5471306,1213752,360,264714,754817,786115,10576870,
1,4953741,1216787,970749,90,5183410,1131008,470,255296,761279,732805,10957249,
1,4910381,1259407,986589,60,5415171,1158890,351,256508,744247,781496,11007402,
1,4933626,1228389,971501,90,5282613,1186821,170,258462,752031,732916,10994148,
1,4815935,1238147,967553,100,5172869,1097024,260,269192,766258,730461,10624740,
1,4813860,1259507,972302,100,5335763,1162496,361,269262,754145,732295,10666749,
1,4800686,1229782,971891,70,5191594,1158458,280,271536,750689,721855,10550762,
0,4776992,742163,1047432,160,5196784,846558,121,230961,731102,743626,10659956,
0,4817357,740780,966932,61,5202846,810370,120,212676,769705,723358,11023844,
0,11240536,756860,966701,230,5227441,856436,361,229689,765977,729419,10613959,
0,15714715,1236965,968614,261,5237119,861285,441,80922399,790563,753023,10588393,
1,4623987,1249719,972382,90,5180834,1155413,461,281796,775946,724180,10593271,
1,4626842,740570,968234,90,5150768,1132972,261,260686,745359,729630,10704788,
1,4714114,1680591,1114446,90,5177790,1133442,240,260806,782639,720513,10583812,
1,4755923,752973,965559,80,5201834,1128974,361,247871,760497,727666,10586207,
1,5068024,836218,964487,80,5201474,1093658,370,255126,757261,728177,11025466,
1,4844668,801724,967474,91,5157612,1115038,361,249324,761519,727556,10608368,
1,4814803,795082,967012,120,5275902,1140024,351,265114,736462,728978,10723734,
0,4769780,750018,1074653,80,5167469,811212,491,234507,733406,734699,10871608,
1,5073083,1756282,1115087,70,5242660,1217509,351,271456,761319,727074,10407856,
0,4977245,1683617,1010913,81,5834893,859311,411,215632,772199,734779,10504947,
0,5401144,800451,968144,160,5190352,842079,471,224648,780835,1115890,10411723,
1,11731190,1680471,1418423,160,5190824,1154291,370,269322,756881,748975,10554688,
1,13976456,1223239,969326,70,5609473,1131289,301,262439,751219,721745,10698858,
1,10918846,748444,964267,161,5358916,1178556,290,250637,787478,713670,10741416,
1,15564125,1255631,995535,161,5166036,1190889,130,263110,788128,756119,11269950,
1,14058988,751340,964507,260,5219318,1149793,171,253222,785534,779402,10913066,
1,11167242,1218050,968765,220,5258088,1134785,311,284600,790323,753143,10538720,
1,10861580,1343243,968174,260,5201042,1250380,130,256999,762050,740770,10287222,
1,11056213,1702052,1314911,100,5267858,1134054,261,257400,1192542,737464,11005037,
1,13428434,1224312,968956,71,5268137,1145435,250,260615,747763,971851,10743121,
1,10419136,1218802,974215,221,5197566,1071086,271,255907,871174,814448,11370017,
1,10311305,756380,967593,281,5193308,1051940,171,250938,873879,720352,10764248,
1,15328215,754516,966531,260,5333559,1104589,281,272318,742303,722577,10207693,
1,11814395,1691763,979214,250,5209329,1137790,130,251909,746281,740159,11257388,
1,9786439,1237586,966671,160,5183910,1092887,260,274241,746832,830157,10733011,
1,10951028,1005224,965940,100,5204137,1061679,260,263521,745560,735641,10655667,
1,11108830,976430,968996,231,5207034,1022446,441,255315,737564,719641,10645608,
1,15518120,742493,966120,170,5199509,1016004,361,257570,753213,730150,10808892,
0,11538622,1063031,965819,80,5167511,672914,461,249395,729609,733097,10627914,
0,11871383,1368020,971961,161,5382269,702789,481,234958,754786,736443,10639016,
0,15210604,755548,967503,70,5177828,665791,481,231071,755789,721855,10678620,
0,12327264,765988,966391,160,5270351,681751,261,76270108,754757,744437,10638837,
0,4628505,746241,989144,261,5228252,538774,601,82055012,781686,733227,10597026,
0,4630949,786796,967853,160,5196806,723238,340,81400430,745629,736292,10630010,
0,4657920,938068,993010,60,5209187,695336,461,81701934,757522,734228,10594492,
0,4649343,785264,967162,80,5225389,697399,371,81371476,743475,746191,10647792,
0,4678098,1233488,976349,90,5363244,689044,461,81379050,744889,736062,10628937,
0,4621542,759535,968535,101,5223075,712758,470,81452818,754516,751670,10615042,
0,4762264,755709,966902,80,5333268,714522,111,79484400,745228,756620,10688409,
0,4999676,746691,965890,80,5214216,536891,471,81579335,780594,729520,10662920,
0,5146070,1228839,1263745,90,5173911,572888,120,79652262,780785,739758,10650408,
0,5016067,1260959,971550,100,5198417,471228,221,80130625,798688,782778,10577090,
0,5015307,1223260,972292,100,5868175,473643,131,80242893,778952,751480,10905073,
0,4757535,2538340,968555,221,5223824,475416,411,80231463,801213,750068,10613518,
0,4759100,1281157,1890934,80,5219416,486297,211,80158336,780254,752733,10308529,
0,5369956,1513600,969566,110,5156110,451922,120,80022272,769393,724249,10313749,
1,5069279,1276729,1001386,190,5305947,1174178,130,158910121,749657,724690,10365716,
0,4780890,743876,967313,110,5309294,487098,190,239145,772971,775335,10600504,
0,5668674,744928,998020,70,5241247,631587,240,229378,734679,725542,10289515,
0,5061943,1251622,983342,161,5207283,557589,371,224228,796374,724911,10619380,
0,5179712,1230924,1245110,220,5355299,597624,501,75785096,766218,749777,10383169,
0,5007100,1687715,3841419,351,5244274,520410,370,81364132,785523,753024,10537407,
1,5011879,732635,968926,71,5192807,686249,331,238735,788790,751421,11073025,
0,5513655,1225264,1909468,70,5261945,455589,400,221573,784532,737384,10422293,
0,5003203,1563284,972893,150,5273236,503829,441,218617,785344,891502,10322686,
1,5191184,1564164,989574,180,5209208,762672,211,245358,766368,751882,10350187,
1,5017931,1243317,984866,251,5167821,690166,200,215892,790123,1222007,10880214,
1,5246837,771528,965490,100,5207897,698462,191,220400,777529,730391,10827005,
0,5173782,766428,966521,100,5170775,504700,210,220260,773502,749326,10717461,
1,5150289,735330,967122,160,5173200,750598,110,242342,765867,709192,10841332,
1,4977628,1666105,1086715,351,5155507,751780,100,227063,786957,771578,10722841,
1,4923825,763392,964878,120,5301649,746170,201,231551,770185,852429,10636001,
1,4909208,886222,964247,91,5210109,804329,221,232614,775505,735681,10859859,
1,4899480,756821,980366,80,5154255,853460,131,215161,799450,712608,10805627,
1,5021958,820729,965159,90,5220848,811082,190,228887,752402,724741,10780109,
1,5164514,757191,970148,70,5180052,832562,100,232544,829225,740831,10818149,
0,5011428,758694,977342,90,5316569,641857,131,237733,783531,736252,10717111,
1,5020886,747884,964999,80,5207134,901370,240,250787,782207,801834,10781470,
1,9429825,1219292,968695,271,5170374,846918,481,254665,811762,1383569,10346389,
1,11009516,1767484,1462886,130,5151120,805642,251,242672,814669,701708,10457888,
1,14579239,751200,966892,160,5360719,822963,200,264363,781696,718399,10760803,
1,11702899,794691,1298590,80,5408428,842060,120,256548,775445,747463,10689140,
1,10976126,1410479,984785,221,5230887,782668,210,257900,775646,743806,10714656,
0,15105518,749567,967052,81,5245766,585502,401,222745,723649,730412,10318117,
1,12524469,759555,964607,181,5218184,701116,370,209180,725001,732084,10125478,
0,16578316,1221216,998921,90,5149886,597192,120,211344,734559,725822,10550129,
0,11821939,742313,968274,271,5159876,568439,361,214289,727927,1085843,10592148,
1,11791795,748405,966991,171,5161649,944530,180,227604,794871,719391,10617627,
0,15604568,1249899,992610,170,5152513,751531,200,224929,792738,904886,10870767,
1,11283909,1686974,986859,90,5482746,1317585,270,226142,809508,724129,11029073,
1,9614105,764956,966581,90,5306518,1083088,110,257740,831369,751130,10634799,
1,11302351,822332,966301,80,5704451,1074772,190,229317,739107,742544,10673409,
1,15040729,1472704,982821,180,5299175,1032955,110,224759,743175,742614,10786060,
1,11300307,794892,980277,161,5200222,1006345,361,216313,785984,732545,10712883,
1,14938709,747904,967913,80,5182668,938529,460,218007,759134,735020,10714968,
0,11557406,748805,967823,190,5184533,793279,461,222475,752151,723829,10701411,
1,11951592,764875,967794,261,5189921,774293,461,223517,753464,723017,10904942,
1,15696111,748345,967383,261,5180623,834555,370,231572,754005,728778,10804563,
1,11714271,742233,966592,80,5210580,800763,461,214389,747333,733647,10694430,
1,11688171,786275,968324,81,5193769,785143,461,213257,766669,724610,10849369,
1,15730183,748475,967613,180,5189180,836448,211,224638,789101,791585,10484277,
1,12369944,764294,983302,150,5146390,853601,120,218908,811502,755598,10797059,
1,11311028,762150,966782,181,5277817,771718,391,201425,796825,761459,10690281,
0,15650395,1220995,1412492,160,5160015,610448,210,209110,769494,732324,10740946,
1,11210370,1792360,976941,151,5169504,766730,721,203519,943508,739147,11073385,
1,14428278,1221115,980347,160,5159565,732415,461,215251,791925,772580,10638506,
0,11414870,1219623,984074,231,5191345,616348,471,221232,774594,778190,10891445,
1,11260374,1218952,984966,260,5185082,767330,381,202838,790954,773061,10592137,
1,15558344,1218139,992950,240,5185113,773271,221,231762,748715,762160,10730015,
1,11388174,932899,986178,170,5224015,758043,220,211625,744156,731233,10845400,
1,15419654,747813,977762,90,5224756,743375,70,211674,752953,724631,10376405,
1,12205986,753033,977873,190,5245905,701427,110,204320,738926,773842,10666376,
1,16199608,1232898,971540,481,5187086,739949,491,207948,762882,725532,10401784,
1,11870752,2116425,980056,170,5189190,741312,441,207727,757281,737775,10612546,
1,10120412,1724484,971641,160,5151209,717336,271,190435,796254,745469,11038149,
1,10497081,1878080,972913,80,5184192,664157,380,197659,774393,733647,10807910,
0,15287539,1302507,977411,100,5176065,565554,150,223977,767761,748625,11274431,
1,10267824,1224652,988321,260,5245726,669898,401,190144,751280,709974,10436708,
1,11752131,756740,985165,280,5190553,714091,210,219990,729479,727385,10782483,
1,11682200,752862,966521,231,5227080,692921,361,197839,737354,727265,10392528,
1,16427473,1222729,991808,221,5249653,728478,201,235488,729970,739177,10789707,
1,11322739,1028116,1002959,261,5215639,721414,190,216554,727054,756339,10911515,
0,15395730,811112,989314,160,5489680,569602,321,219649,741031,751430,10164321,
0,12324258,813326,992690,160,5471886,556477,291,212536,743124,1047642,10509716,
1,12007284,812764,979235,151,5492746,700896,420,205283,782769,744136,10871869,
1,14921978,1682876,983443,170,5299085,2255322,271,230700,827602,728547,11000881,
0,8928077,1746124,998100,160,5155628,582786,360,222675,786045,746341,11037047,
1,14817222,1218972,985847,80,5145518,730250,501,216474,788750,768612,10823341,
1,11525868,1231404,971641,161,5162681,701718,381,215813,790072,934241,10806307,
1,11013174,1293700,991587,271,5174773,770907,120,230129,782228,743245,10542206,
1,11314093,1255219,998180,271,5155578,728678,351,203720,759285,757582,10565610,
1,15472704,739227,985317,100,5250283,768833,190,228806,746902,775716,10653814,
1,11668985,1219983,993592,220,5179672,763303,181,211334,759255,825899,10663161,
1,11201414,1215856,983503,220,5158033,748244,200,236320,772029,759575,10595604,
1,11549093,1217248,984124,230,5169944,758704,511,216564,766909,751180,10886909,
1,15235070,1215785,982581,261,5489530,799750,541,218667,789371,809689,10689619,
1,10868104,1218471,986378,220,5140429,800352,200,223517,768111,756660,11195053,
1,11063716,1388758,977842,160,5181597,763282,451,216022,765277,762290,11227773,
1,14659199,1535582,992349,160,5369145,788599,211,229217,772239,746732,10358253,
1,11172199,1898799,1400209,130,5166319,881813,120,245057,801083,2061081,10335129,
1,13467648,1274325,966821,171,5161458,804469,111,219159,775566,854051,10582080,
1,10831213,1222308,980366,81,5494230,875181,100,221062,840416,821390,10929627,
1,10578674,1220625,1020632,80,5116554,886792,461,216172,769824,743456,10682016,
1,11227794,1398356,1040519,100,5168241,786986,371,233014,842130,738867,10216330,
1,15536312,1220445,984976,281,5261294,788239,541,228857,787597,771258,10587990,
1,11589448,814197,980427,221,5508765,746632,260,208238,799039,741212,10155997,
1,12493561,954017,973324,170,6086403,1009812,280,233716,948567,952886,10490979,
0,13723134,1248987,1003560,80,5861803,752743,120,218287,782307,743986,10194168,
1,10973098,1689438,1642961,161,5161609,807005,210,234638,771948,733597,10816707,
0,14177371,3271085,2387089,160,5201382,605098,461,238113,783340,784512,10340010,
1,8500100,1739411,995425,180,5269511,842461,230,235108,803277,728378,10448751,
1,10984230,1318867,995595,160,5208325,797857,201,225139,764735,711015,10352723,
1,15163526,751711,995014,100,5179993,840697,201,222915,745580,750609,10896255,
1,11493448,736944,984845,271,5151710,795292,220,223637,725422,724720,10443111,
1,12279392,1225404,998741,261,5147442,784402,211,216663,729730,734249,10417283,
1,15764116,1223891,989684,341,5173620,791695,361,225741,755477,748836,10449884,
1,11775724,1243177,1577760,160,5326305,859762,321,241690,804359,808116,10109189,
1,14939250,1249109,982410,220,5204589,730611,371,210493,755558,721965,10596836,
0,11821430,1280356,1401021,160,5386698,607543,110,240418,767069,730541,10114689,
1,10947480,774253,981799,270,5186226,839544,190,238114,811171,747533,10596877,
0,11780013,818405,987491,270,5204609,598695,211,228957,772039,719681,10175573,
0,13088961,1329878,996157,161,5191375,615617,231,231631,781567,709402,10725075,
1,14616248,760307,1064784,251,5211331,811001,251,216173,812094,738816,10538619,
1,11830065,1226806,981199,220,5235998,833263,200,236921,792077,729429,10642301,
1,11273859,913041,1156626,200,5225668,790173,220,217285,757872,741943,10533379,
0,15612834,836299,994974,161,5227321,631357,100,223667,795773,782809,10841252,
0,16639268,895027,982411,270,5172218,617641,120,247661,761970,868729,10567063,
1,11258329,905387,971610,220,5233103,778361,221,239597,753495,742223,10676855,
0,11210561,912211,974486,80,5209889,616839,151,235289,757451,742825,11008245,
0,11525768,1229351,979896,221,5297341,623522,130,224639,773040,1012587,10545322,
0,11867925,761018,978895,170,5179543,618663,241,224468,760617,775334,10708094,
0,11274652,1261130,981529,221,5408969,606229,370,75411721,738036,743786,10627033,
0,5243451,1004081,968705,291,5163764,543473,461,80797166,725702,1155303,10385655,
0,5242089,1222929,976800,190,5398760,540417,331,81035762,730631,745780,10387717,
0,5701136,1710908,1458298,190,5788878,496856,280,81419036,749066,736713,10540481,
0,5534183,808276,966822,80,5368354,465608,812,80873137,720783,734940,10581650,
0,5295337,746371,977641,70,5171978,451492,271,80893667,709873,746912,10566541,
0,5272566,777349,967663,261,5139548,484523,350,82278698,720653,740469,10467315,
0,5240076,1251533,968715,100,5215018,656713,221,81683617,720212,741232,10362831,
0,5304625,1742006,1043224,71,5112458,517525,461,81986242,760307,732845,10576250,
1,5554320,758593,967002,160,5312319,699113,121,157931697,790213,748265,10180702,
0,5311027,1682295,1487422,80,6055335,572037,110,212656,766709,768572,10473838,
0,5215840,1846752,2176787,170,5376248,949459,210,209420,758684,2039170,10448430,
0,5436883,1677876,1468386,160,5199509,477259,230,223657,823464,741050,10473237,
0,5088383,1417391,969216,160,5164804,471057,311,75733071,785595,753865,10476903,
0,5229675,1702101,1751794,271,5226511,527473,211,79322407,785795,730150,10403989,
0,5096597,1222188,1001987,130,7363682,459386,121,79085378,782838,747803,10991893,
0,5070561,1675863,1462325,301,5239724,553251,110,79633389,726033,721555,10757175,
1,4959712,1293200,966812,90,5371200,1129264,420,274281,728146,726784,10563113,
1,4794476,1251552,972883,91,5183309,1048765,441,259814,747683,724029,10682467,
1,4855268,1584503,1124946,80,5161909,1027054,480,263241,745309,725822,10615033,
1,5161288,1231114,974165,150,5646392,937377,461,250487,762571,749797,10586178,
1,5301719,826350,967122,180,5187166,923611,190,244466,763192,1097486,10789477,
1,5304685,1218120,983533,90,5115344,948037,401,259313,777789,735962,10655355,
1,5313963,1240993,1144433,101,5151992,946233,391,248934,751751,738997,10387577,
1,5267898,1236143,990485,170,5267666,953867,370,263922,740199,796163,10317708,
1,5271123,1249899,970528,451,5223173,951603,370,274943,726323,713249,10639958,
1,5035613,730542,967613,111,5628849,940503,441,265805,721495,736943,10671397,
1,5082170,1273554,973003,90,5410181,900418,260,248363,715033,751420,10475662,
1,5102288,1444502,969406,161,5385948,920385,260,257720,734990,748184,10743570,
1,5106015,1072619,968425,90,5145269,891671,350,251289,755918,715403,10830943,
1,5387891,803968,968745,70,5637826,968345,181,249715,766418,726835,10639888,
1,5524295,799640,984054,80,5362833,924743,120,241540,729089,3295712,10314131,
1,8984873,977010,998170,70,5180635,872226,160,253012,752823,729239,10851260,
1,10281400,757392,972282,160,5163041,900729,401,244555,719461,767420,10883802,
1,12250499,765687,967693,130,5152491,980156,280,259654,739197,795272,10616454,
1,15058762,786646,971170,171,5209889,980116,370,253913,727015,753895,10645489,
1,11813113,752112,980597,160,5175825,934371,361,254424,743425,787779,10599052,
1,16476725,826720,967142,80,5385866,979095,481,290130,765656,736773,10365718,
1,10939695,1236024,969507,250,5140260,1082517,391,256928,733106,742994,11081149,
1,10746146,788850,974196,230,5179341,947286,461,262729,736633,858971,10555791,
1,15548594,2870289,971710,221,5229656,955541,241,254705,725201,752011,10586898,
1,9900921,1247515,1049165,231,5167308,1057741,190,255156,759826,744998,10990041,
1,10499505,1275747,969276,230,5311167,968805,261,254364,827291,749517,10585046,
1,15795097,904345,966892,80,5218554,968525,261,278468,730872,1214663,10474779,
1,10557744,1246443,1208903,160,5164916,973214,170,276395,790764,739268,10432941,
1,11011721,1228069,971230,160,5175314,949950,281,270905,793880,794190,10727091,
1,18704705,1215274,995625,290,5359308,967333,311,264072,790503,728257,10819532,
1,23092173,1223961,970629,231,5272246,1001145,401,267769,788309,726113,10773656,
1,18627774,1262352,982090,101,5538020,1193905,260,280333,792437,743966,10693437,
1,22925773,1294101,971310,90,5168010,941634,541,212987,775125,741953,10622686,
1,18849999,1218581,981358,230,5253029,1034627,441,274461,762802,713078,10841452,
1,18821315,742544,999312,221,5153102,1048163,370,266226,745890,749357,10593169,
1,23609827,755307,974265,190,5165335,1021814,371,259383,741642,749136,10617256,
1,19861864,1165061,991648,270,5170886,1023678,271,256609,760667,717487,10674923,
1,23134471,1346780,975177,120,5173220,1017106,371,255657,752091,713509,10592780,
1,19552465,1281478,975949,161,5174122,890830,471,207055,803557,711766,10634797,
1,18719755,1222629,991417,260,5393350,1102385,350,858209,798688,736903,10568715,
1,22594906,1230433,971059,160,5137564,1087787,270,269542,774564,728919,10520377,
1,18961794,1217218,988161,210,5161108,1018088,170,254144,795452,740480,10601928,
1,23200456,1220234,980747,170,5178289,976129,120,223196,764815,722156,10687716,
1,19376598,1270688,974385,161,5435329,943588,211,238364,800291,725693,10597319,
1,23436414,762671,970679,150,5161147,944600,281,242643,831599,732324,10633457,
1,19283385,747373,972211,270,5694742,1060095,401,255856,801414,719942,10550682,
1,23110866,760457,975738,311,5219869,966200,200,251539,766168,761509,10869525,
1,19484189,1331722,971431,80,5225719,947936,190,241540,750348,709903,10456856,
1,23351706,1278732,978473,160,5188750,952455,180,234747,743025,718649,11056704,
1,18880416,989855,967984,260,5224976,1042212,461,263651,742133,708130,10671185,
1,19331855,1252724,995565,151,5166067,922058,200,226221,732284,726064,10804865,
1,22848098,1250751,981128,170,5199329,959077,190,245988,764144,721515,10632376,
1,19485450,1256130,981529,231,5220758,947486,80,243203,760247,912971,10729124,
1,23232636,1250630,996697,180,5173390,959839,220,231531,730522,730922,10411240,
1,19029109,1292188,975108,171,5179112,962424,201,228236,780153,736732,10222369,
1,23388946,1307577,1030971,100,5245165,927659,201,235139,740189,719501,10683889,
1,19033640,769253,967403,91,5146140,927238,241,247831,926016,719391,10851482,
1,23647870,763803,964958,260,5217232,946664,211,246369,737103,730161,10574926,
1,19302210,755989,978012,261,5187657,985737,200,248714,726594,781526,10540032,
1,19789519,758944,984154,70,5170645,933940,180,252320,769704,735291,10583503,
1,23938029,776537,969226,261,5855712,947787,190,269041,729188,724580,10635130,
1,18763245,793819,975648,160,5286042,980357,181,244997,746030,717407,10572792,
1,19625020,754255,975248,180,5170646,930534,221,239767,739859,725953,10637402,
1,23622500,1812448,1064734,140,5223926,927208,210,236461,714381,708380,10366798,
1,18840570,1768476,980076,160,5178860,944680,181,244977,755979,724691,10135760,
1,19268295,1287389,979155,150,5164924,962083,210,259613,777238,714933,10360299,
1,23472890,1330800,974435,170,5178740,954359,110,243253,741632,723027,10616917,
1,23410223,1270748,980056,160,5161699,928130,221,243784,747423,1054886,10378854,
1,19325201,1253416,981669,160,5178830,1131939,230,276646,730992,733687,10854168,
1,18646280,751090,978554,110,5238562,1015763,360,282647,779352,720763,10346850,
1,24061109,1260960,981328,171,5208916,1035239,250,333091,727666,730401,10593160,
1,19434225,1181432,1535542,170,5225218,981259,361,248443,727926,720252,10584153,
1,22253149,880561,1019941,90,5177068,1055167,240,262339,735982,719020,10753929,
1,19408258,1296306,1281989,170,5437182,1087075,170,279942,763523,755848,11025034,
1,22150878,1722901,1004372,140,5259892,976379,290,238304,725773,713720,10648042,
1,18598499,1224742,981970,101,5196816,952025,421,237703,730090,700947,11006680,
1,19046173,809118,983773,500,5264931,938349,271,250116,928540,729289,10430288,
1,23481618,1236104,972072,161,5175995,1417391,360,239717,729129,733857,10669213,
1,18825762,1245601,970569,220,5154255,932508,381,256878,733657,743846,10594634,
1,23649621,829536,970829,161,5204147,970930,471,252090,783410,726253,10634468,
1,19221589,867587,1006936,171,5188359,954068,471,254645,765396,714622,10065977,
1,24175102,757442,984495,90,5359417,965679,310,243504,779001,733947,10968910,
1,19237900,1694197,1445514,410,5225618,1372037,361,242411,723909,1681734,10742818,
1,16744885,788870,1056038,160,5209228,1062491,461,257379,761018,720893,10611864,
1,23525801,894106,966331,240,5209689,959678,250,248042,743837,732665,11025856,
1,19260743,954208,1051048,70,5254762,960660,711,269993,759856,735421,10652171,
1,23143899,830888,980237,180,5220157,1004522,461,254073,770717,714041,11182950,
1,11031137,1255520,1129815,151,5303322,1013970,311,264954,817955,738105,10287550,
1,11291623,1372929,989855,271,5258539,989453,261,247341,808446,727806,10588752,
1,14778300,1226366,972362,70,5237299,935473,381,253222,773060,1900622,11073166,
1,9729660,766529,982942,231,5242088,1071787,261,259825,778110,734068,10883322,
1,11108311,1277411,972251,161,5164374,962484,461,249435,775585,707418,11152411,
1,14688563,1294632,980989,160,5165156,943488,230,260095,797566,725031,10402474,
1,11563209,1256191,979035,160,5184251,964307,171,276836,791745,707198,10991614,
1,10595645,1235923,967433,220,5171739,967383,350,245978,781506,705354,10944975,
1,15147448,1250029,982972,110,5183960,923371,191,376622,727786,772790,10982668,
1,10518530,1231695,973144,70,5195252,1058352,250,255827,731714,722867,10098839,
1,11616909,1245150,980066,170,5184541,961763,461,259083,803106,721614,10536176,
1,15243144,828434,966071,271,5260434,966351,642,259354,730180,717227,10541293,
1,11769463,1261401,976089,130,5159895,1025250,261,271516,728868,733266,10759301,
1,12143509,1225544,974827,160,5166288,999613,261,255046,748024,697670,10617105,
1,9908004,748435,980447,170,5179411,971731,361,256878,750177,716305,10521618,
1,11721061,786866,980528,160,5179223,965909,270,265675,758574,709993,10606906,
1,16215809,1251442,970919,180,5322448,976349,390,245227,850295,750549,10801489,
1,10617866,1249759,968595,120,5229997,1061869,401,308846,802315,713870,10590054,
1,15091233,775976,967503,70,5203837,993602,261,261627,789331,743535,10610613,
1,12101552,779162,968375,211,5201051,990025,251,264943,781807,781316,10436388,
1,11121125,1250260,971129,150,5204358,1056047,381,261328,737364,741252,10573353,
1,15106141,1295114,1002538,80,5174432,998280,361,323232,726955,737625,10858787,
1,10892858,1273714,1040969,100,5229356,973003,481,267698,728898,737474,10891986,
1,14816271,1231434,972852,231,5187486,974847,391,262229,740160,736141,10800428,
1,12148898,1232647,981920,160,5478300,1336570,361,259323,764705,2064117,10347341,
1,9068901,1222588,995735,70,5152811,964287,261,241780,751761,733396,10753991,
1,14665408,801323,967874,150,5545836,992740,220,273009,797546,724260,10877089,
1,10877040,1407483,975057,80,5327537,980186,310,266817,763503,724981,10352122,
1,11401716,842570,968164,261,5237851,1019630,250,261327,756349,747654,10438932,
1,15313728,1715166,998601,160,5192235,1077708,170,248543,760698,768503,10421020,
1,10898468,771597,968445,160,5159355,965349,350,355973,761679,1337963,10530002,
1,11315437,849913,965148,170,5193217,967764,401,250687,771217,839735,10525474,
1,15357058,1256532,1510415,70,5181605,990185,280,247752,769835,750879,10407665,
1,10822637,1665243,989825,240,5185032,975528,260,245868,763483,741622,10524843,
1,10779618,1239710,967653,220,5185333,962544,471,266376,767119,717898,10640839,
1,15458848,1237255,973434,160,5170516,981370,361,244615,757352,711866,10751084,
1,10920611,1326302,1001817,220,5187236,964377,360,275544,734348,730942,10141710,
1,11744385,2150909,1464559,150,5162142,974967,261,250016,750548,735891,10452518,
1,13820144,1261731,974165,150,5159655,953196,260,278389,721535,732184,10837607,
1,11359167,803056,969838,80,5332027,1078550,180,266797,759425,716365,10993315,
1,10880988,771268,967012,70,5228363,1057400,390,264744,743174,753123,10345590,
1,15954572,1244880,991297,70,5378042,1030119,310,260015,739418,756700,11087332,
1,10454161,1301605,1258746,160,6285483,1064535,411,253773,775515,729500,10890444,
1,9229000,1049646,1376836,170,5400153,1089891,361,278168,756109,745910,10562593,
1,14903503,824687,968856,71,5333590,1052542,261,269443,763963,739909,10740765,
1,6751932,1378549,1062771,80,5186366,931245,371,255296,742273,692580,10362600,
1,15409977,766208,964628,60,5215499,1045038,261,253292,742223,729510,11133678,
1,11089797,779563,967283,81,5187998,963356,371,264704,734639,722406,10507521,
1,11757521,1307055,986037,391,5221991,1073831,371,303646,798749,734279,10896045,
1,14676169,852839,969748,301,5482115,1000304,270,256528,816782,826600,10771915,
1,11562346,1288130,971180,70,5165737,994974,250,261878,768662,724080,10597047,
1,10768127,1850168,977211,170,5380937,1031662,380,264072,780464,726153,10884965,
1,14326326,833724,968635,160,5162421,1037975,371,272377,747082,754255,11011279,
1,10316005,1192122,967092,70,5183209,1007347,260,265264,765417,879068,10465163,
1,11587292,1243607,973244,160,5173171,1038847,361,258301,760037,729760,10592478,
1,11230319,770647,967984,160,5447611,1053954,290,273600,792667,722306,10572753,
1,15139611,1309070,971170,91,5187107,1110850,271,290050,744587,727346,10655426,
1,11496174,753684,967543,261,5188518,1012427,260,259744,750929,721805,10799245,
1,11313883,1251312,1127532,360,5153795,1034117,301,264522,774864,729519,10652200,
1,10850621,1222568,1553945,260,5189901,1008610,161,264322,749597,732846,10387368,
1,14572755,2056723,971431,160,5153524,1113455,261,304378,792827,721966,10630650,
1,10158982,1395010,1046089,160,5156639,992360,381,267598,777730,704232,10434716,
1,15391653,1246744,979766,90,5209598,976389,350,256729,763041,730431,10821366,
1,11064097,762822,968255,70,5165696,1094008,370,276115,770726,719261,10931762,
1,10904561,1263034,970889,230,5170545,980497,361,236280,727806,815810,10439733,
1,11589809,768953,967893,230,5146320,960160,301,254004,734018,1005985,10726660,
1,15035519,750959,974727,251,5209367,973875,491,258281,719451,789772,10590987,
1,16344908,767280,967514,150,5149056,1039277,261,262068,770656,743927,10486291,
1,11759635,1260319,2892840,70,5192777,1064484,361,246439,848912,730411,10711192,
1,9087153,1156645,965359,161,5224656,1001807,280,263170,728046,725943,10842203,
1,10395032,837160,980066,90,5568767,1089350,301,270214,780705,735400,10461165,
1,15231302,1272191,973855,161,5160106,1007096,360,268921,794090,728989,10796028,
1,10983619,1463327,969887,70,5182587,983302,271,278569,763163,726925,10618859,
1,15131237,768873,966722,161,5139948,960710,261,256127,793138,709342,10215988,
1,12286786,765065,968254,160,5168051,960290,141,257831,778220,765647,10536033,
1,11544143,1226395,972262,70,5176396,985847,361,258231,803257,734359,10597078,
1,10937731,1231645,969176,80,5153223,1031302,480,269883,756530,746061,10596687,
1,15338474,1227257,1992914,161,5183168,1011385,411,246549,750258,716155,10417403,
1,10704918,1608116,967593,160,5170837,980658,281,272507,727726,728147,10562923,
1,11115063,1995308,1011655,70,5218475,1047783,361,257079,752331,726313,10604122,
1,13824211,998782,968656,161,5133127,1020282,261,248393,765477,718018,10779096,
1,11551117,1302567,968675,351,5179702,984034,261,274933,747523,727065,10678480,
1,11017640,1324288,1177345,80,5160527,998391,251,273349,772991,725051,10351981,
1,16218714,1235442,972051,161,5184130,976560,261,251048,751220,1332784,10490068,
1,9884801,1293250,969076,100,5250624,1086665,361,263260,768272,1209734,10710218,
1,10520105,1027745,970188,150,5108590,1001506,360,266617,909144,867276,10494327,
1,15069533,766178,965820,170,5158833,1018017,390,255376,779973,711185,10504115,
1,11743183,1264497,1467855,170,5176937,991979,231,247882,756329,742664,10356971,
1,15070435,1256842,973504,180,5208776,970549,261,257499,763031,730561,10689140,
1,11423577,769274,965329,171,5239484,1018759,261,266206,784071,727676,10764219,
1,11219859,1056329,965429,230,5171056,1081745,140,269081,767430,724309,10781122,
1,15159800,759806,965940,161,5219897,990246,471,267127,773351,721013,10391534,
1,11618472,1106372,969336,220,5144727,987370,380,271596,773422,709923,10754952,
1,11126243,1143351,969137,261,5123068,1013478,371,272638,736432,724781,11063897,
1,10852685,757853,1331241,361,5098620,1041080,270,258582,767881,721695,10581660,
1,11681257,1184397,966200,160,5180865,1091745,361,250857,722086,741081,10620391,
1,15058292,907902,967754,80,5184321,1130887,361,250887,770105,724371,10537958,
1,11580811,1207961,973604,80,5188639,1341970,271,269231,808757,730802,10863726,
1,14431402,1493914,982791,160,5161109,1142179,231,259403,767781,728016,10518310,
1,10820134,1722149,972322,221,5179622,1127180,130,263911,749536,722677,10351110,
1,11046234,1314499,1111231,160,5176377,1166434,240,271536,740079,726964,10600794,
1,14822563,994233,968856,330,5131813,1121139,260,275083,729119,714622,10634448,
1,11187739,1240272,1208392,70,5121393,1077097,170,298837,752753,729199,10581109,
1,11078735,1267412,1068020,160,5352805,1159079,361,263722,736012,717928,10772224,
1,14732625,1625199,984755,70,5144246,1190168,361,266857,737855,733687,10681506,
1,10713353,1066347,967553,270,5148515,1121360,361,282987,716705,726093,10119057,
1,15542394,1236163,966581,260,5273707,1124325,380,274161,734399,738236,10685663,
1,11322859,1723993,1584574,171,6148918,1180570,401,254624,738606,770356,10448511,
0,8811590,1282279,979836,160,5254561,811532,100,228035,781867,736774,10460935,
1,15502709,1131078,965298,271,5135108,1054164,621,262879,735941,730742,10643014,
1,11932475,779983,969297,70,5171206,1078069,380,257310,761088,732385,10270509,
1,11405034,1047211,964026,280,5157852,1105681,401,257810,734409,724670,10592190,
1,15351316,769845,967113,241,5156110,1131429,271,249475,766518,727896,10630409,
0,11621348,754265,967303,231,5141721,796153,210,230480,742974,714041,10594354,
1,11628028,1697404,1046481,250,5173241,1139343,250,260225,772740,729930,10621502,
1,10348696,753875,990536,160,5177939,1127742,381,266597,763212,759926,10520116,
1,11572875,754937,977972,80,5145299,1108646,271,252360,732705,727836,10739312,
0,15474508,754406,974967,171,5143284,795422,471,276094,727275,746021,10975694,
1,11700324,750349,979465,170,5174713,1072368,351,257880,728478,724610,10588080,
1,15752326,824026,964868,221,5148555,1000205,611,265345,735260,712668,10700609,
1,11696708,937196,1082457,71,5169173,1057781,220,252200,766478,714702,10610664,
1,15550327,769855,968104,160,5185534,1010173,491,260686,762641,716014,10536274,
1,11986317,790513,967192,171,5128587,1087166,240,282687,754647,723538,10656398,
1,11068846,1240092,1508882,100,5188339,1106993,501,269272,776687,717247,10575137,
1,10604803,1388488,966000,160,5184461,1016785,150,270745,726314,729239,10459913,
1,15610440,1795856,977552,70,5166036,1063422,241,263751,758113,801053,10553427,
1,10370976,818405,968414,90,5285249,1100661,250,279130,755909,749046,10460693,
1,11377292,1241714,970298,241,5292833,1105019,391,272117,722246,721745,10535664,
1,15111168,780635,964939,231,5169554,1054776,371,258351,784873,713500,10662078,
1,11576865,1521225,1087226,90,5216240,1107544,260,271015,776948,718449,10846082,
1,10281038,1255600,967603,251,5182378,1069984,271,280072,770486,722756,10596286,
1,11396899,753534,969818,160,5172689,1081686,350,270655,810921,719571,10563776,
1,15453388,1351740,973825,160,5185172,988803,360,252761,741281,731463,10892028,
1,15299450,754486,968725,91,5167270,1004182,331,244466,761339,720212,10600534,
1,11136614,1280325,985376,160,5170425,984534,221,244776,845846,736202,10382719,
1,11226560,1252794,1224161,170,5233253,1075395,351,273990,748705,805000,10550259,
1,11101929,1243046,1420497,171,5169663,1031763,240,252280,804840,806823,10756556,
1,15019127,1231476,974356,170,5169103,1054875,381,253402,774553,751491,10613729,
1,15175760,1224783,1476051,90,5508356,1163197,170,262910,800491,738196,11340042,
1,9100740,2744274,990286,71,5203878,1120919,351,275153,814017,730100,10973851,
1,9028855,1652269,972933,80,5167521,1024068,391,260595,780013,735361,10478005,
1,10614881,2492595,1893078,60,5171927,1472404,271,247361,757271,1564405,11081562,
1,7325721,1309310,1126109,220,5195112,1022886,260,268801,784211,734960,10156326,
1,15388938,2221269,2447100,160,5210380,1015192,361,258652,970939,734338,10328478,
1,8620915,1734423,970659,231,5224306,1028136,261,253612,767681,742373,10709828,
1,10588973,910216,1991270,161,5199308,1007358,351,239787,727726,736483,10316155,
1,14826580,1273213,973915,291,5189851,1064403,591,254684,728057,720172,10863435,
1,10800125,1410128,971040,170,5182438,1093619,271,255666,763493,727526,10714927,
1,10861321,1867210,1484096,230,5240205,1031873,201,246871,761829,737585,10680765,
1,13997264,863088,1029699,221,5222301,1101532,180,269101,781576,900138,10692876,
1,11077814,1141027,981088,270,5269560,1141818,291,269181,764776,735030,10589424,
1,11232362,1241413,1472634,141,5284076,1189477,360,248473,786065,733407,10847125,
1,14221651,1344205,973534,160,5190253,1007959,211,223367,770386,705475,10460182,
1,10966016,1564305,974396,221,5252467,1132631,391,264653,782488,733928,10643596,
0,11191715,2119930,999353,240,5394855,807645,360,268651,802475,731484,10784216,
0,13906996,1428522,1009261,161,5184250,813607,110,233205,761168,744889,10587711,
1,15123393,2143625,1077919,160,5179582,981339,211,244575,741342,745439,10639168,
0,10088029,1286808,968154,361,5146371,783962,110,241820,726264,722977,10928434,
0,11138838,1149983,967232,230,5133947,782859,120,213618,794911,735882,11067616,
0,11306399,1349615,972522,160,5152913,774474,201,235458,723268,719381,10620150,
1,15296716,1245962,972632,160,5209808,1361657,290,194342,719190,721084,10412324,
1,11361964,1528889,968384,181,5644217,922008,190,214139,717066,708100,10617327,
1,14414300,776136,965389,231,5660399,937046,120,205963,735891,706878,10651949,
1,11557127,1248547,976369,160,5129198,952455,421,219479,710334,728607,10341853,
1,12089397,1689438,996116,160,5210932,1373319,201,210432,738316,1449942,10533909,
1,10801971,793339,967513,70,5255714,1039197,381,280533,748475,717366,10585677,
1,13725478,759004,964708,160,5150277,1017546,260,243364,747142,711777,10797350,
1,11881412,812494,964718,231,5298223,1025020,271,263491,735140,722917,10757376,
1,15556009,752172,967483,161,5159664,1043594,270,265445,870101,728077,10657411,
1,11119260,1197582,966461,161,5171017,1066778,171,253894,759906,737554,10593280,
1,15556671,747934,966000,160,5130100,1320962,190,273099,764676,1816906,10533269,
1,10475160,796124,966372,100,5174543,1073961,281,266317,765737,711586,10986443,
1,11309506,745138,966441,160,5181365,1089019,460,270354,739148,734289,10541344,
1,11112900,755538,966020,160,5183259,1022696,461,279551,723599,730922,10197745,
1,16761905,742333,967924,90,5178121,1058232,170,271927,745059,720232,10792081,
1,10953703,735872,965899,160,5160076,1061759,371,279931,740159,726454,10460905,
1,16104922,1225043,990887,160,5160366,1032825,160,249875,722747,760767,11106958,
1,10590185,762952,966791,80,5220959,1030921,371,259874,729470,716035,10093780,
1,12040869,741071,967924,70,5169863,1036862,361,256808,728758,720232,10670886,
1,12052318,757381,968695,160,5152632,1012728,161,266257,726935,731403,10723463,
1,10979812,1255169,983473,221,5178250,1101973,310,263080,730020,740570,10908660,
1,14506823,945352,966601,220,5144448,1013870,161,293306,730671,1572249,10611093,
1,11185586,752242,1038144,81,5169273,1242044,290,256448,731443,755648,10905082,
1,10496019,1043825,967032,231,5294227,1060687,311,273400,757512,736462,10821144,
0,11075400,819918,1015954,171,5549862,780424,361,299999,765205,728517,10726369,
0,15262822,1146948,1252243,90,5170765,789652,491,273409,728257,714632,10833167,
1,15477383,759937,967943,270,5153335,955491,451,275493,744848,733587,10827135,
1,11604807,802115,966882,90,5227882,961262,271,268681,774203,718128,10771935,
1,15696440,747924,967784,170,5167190,961872,260,263671,777689,730651,10706431,
0,11686358,753294,967423,61,5210470,738997,370,274722,801814,723839,11024736,
1,11052435,1234701,979976,160,5185484,962985,180,250026,766669,728427,10592619,
1,11653016,1685461,1527696,330,5181376,944270,250,239817,766088,697851,10532206,
1,14347027,1687394,998671,70,5249392,1263714,250,258442,754937,695836,10114660,
1,10486881,744407,968084,160,5160327,959098,410,267669,759275,713089,10276209,
1,12207650,1219051,971199,80,5224666,956112,280,252400,749637,740240,10711912,
1,15426536,1339637,988182,160,5165586,948167,360,254935,756700,761960,11098883,
1,10294524,975698,970589,121,5155707,950491,260,251889,746382,728728,10784497,
1,11781135,747082,966731,160,5226900,935343,270,263190,725723,723147,10237066,
1,15598137,754827,967513,231,5198950,897763,351,251689,734579,733807,10641820,
1,11803737,777699,968325,81,5216751,919002,371,253883,723057,738677,10799716,
1,11568928,975909,966971,261,5210140,933991,381,253572,731894,727266,10831244,
1,11307843,2051843,992209,231,5206022,912721,371,248783,720102,749196,10472066,
1,14568169,788099,967373,160,5186905,1256572,160,240669,718138,728628,10785358,
1,11535948,1044536,967783,251,5222803,953206,261,258502,724911,728217,11089876,
1,10516869,768512,966982,70,5198227,903373,260,245608,740790,720433,10876039,
1,15626279,755378,966952,160,5301841,920936,210,283498,736462,733026,10951457,
1,11252349,766117,967763,160,5318481,928330,401,254284,744467,730892,10729085,
1,11531979,766299,967844,81,5341805,915816,320,274762,736572,728428,10771773,
1,15670222,747643,967052,161,5239484,935643,581,286373,727867,737865,10818952,
1,11746531,803557,968745,170,5192897,928059,370,249645,729820,729228,10794797,
1,15448757,762952,967273,81,5203818,902842,381,262298,730811,811933,10385452,
1,12058262,1221556,970658,261,5139718,943418,260,260516,723999,743525,11253662,
1,14615297,749085,967953,220,5171407,1030641,291,256928,756550,743035,11030255,
1,11584799,739648,1454450,70,5167330,945442,190,257920,751560,724440,10886396,
1,10856773,785964,967593,70,5281222,946404,371,256949,742032,753955,10790450,
1,15262801,1220455,974156,230,5532650,941134,411,251929,747553,732666,10457718,
1,19151208,1260219,968224,231,5170767,960710,450,258422,756109,726253,10639246,
1,23413092,1218350,995134,70,5149225,931355,360,265224,758333,738786,10262374,
1,19535073,1768376,1445324,80,5844220,945491,310,246209,751260,763483,10889062,
1,17300058,750448,968335,260,5255645,919193,361,252871,715984,727526,10731758,
1,24132081,754917,965350,261,5199329,953126,401,251459,759856,730391,10767174,
1,19340071,759396,966391,70,5178791,924734,260,248744,757882,846077,10338025,
1,24351931,1221617,1001066,161,5277605,894717,211,243814,770697,704543,10996813,
1,18028606,1223090,966752,101,5158273,915015,581,251068,751941,709352,10594092,
1,23778522,761850,1031082,261,5184071,917930,461,264172,736402,730071,10631992,
1,19466947,1230824,973985,80,5186366,916678,351,236671,733848,731453,10934386,
1,19055681,1268514,1054184,110,5190685,887825,271,240418,759054,728458,10715858,
1,23765167,749487,964538,100,5154215,956542,681,237112,746251,712417,11055111,
1,18772973,964287,973013,170,5156350,915436,241,246890,770657,731322,10712742,
1,19311878,761159,967974,181,5095397,934793,441,255456,753314,722255,10835471,
1,23915437,750619,966001,160,5258540,943297,401,261368,762681,744417,10776252,
1,19318019,762951,968796,80,5172470,943930,261,253632,790493,725352,10775109,
1,19304314,740189,965058,220,5196355,939100,301,249895,739788,740981,10538157,
1,23920697,739318,964517,270,5302702,935964,320,243744,737244,724220,10658913,
1,23699625,758023,967533,270,5166047,919413,360,240508,750068,730241,10852934,
1,19926663,754787,965910,270,5162641,942185,240,248563,745649,785925,10260540,
1,19532178,1693847,1053384,70,5132204,910426,260,240528,744517,722306,10568384,
1,23021150,731514,968616,161,5193178,920255,361,258602,776367,731713,10603910,
1,19775813,756640,967203,80,5154326,932818,221,257840,750679,744447,10328696,
1,24065646,1223911,966642,260,5228945,918201,261,262520,743776,729419,10586998,
1,19412816,748776,965469,220,5140410,950742,260,269753,736322,733126,10155363,
1,20219930,787437,967373,230,5176317,979275,361,274632,752903,720543,10659543,
1,23361896,804490,967423,180,5253761,969777,291,267148,744747,722467,10967427,
1,23987893,820278,967423,80,5298473,952715,350,271827,746210,733247,10656099,
1,19099232,759265,967784,160,5284197,1106081,271,284310,748895,721785,10705540,
1,19953253,760277,993862,80,5188399,908022,260,263681,728187,830989,11283657,
1,18017496,758523,967464,170,5154105,982932,672,368797,727977,760126,10427741,
1,23858122,1684770,1449231,81,5177899,938358,380,258753,725251,733958,10160234,
0,18936999,1233619,976109,170,5250615,758583,380,249185,720322,714141,10455363,
1,19429016,1826384,995626,160,5189772,972472,371,261438,719250,757131,10435797,
1,22835786,1679249,1486399,160,5218505,854733,340,197428,715734,719030,10443974,
1,18835939,1064945,965039,221,5184922,1017025,271,272337,722356,731564,10797170,
1,18755781,781326,965259,271,5290670,924042,411,212176,731663,735190,10900232,
1,23676331,761990,966622,80,5249413,1068371,461,273850,743125,720483,10733852,
1,19048237,761469,964829,271,5237240,1037383,171,267639,737034,805040,10799274,
1,19626314,744878,966932,260,5145720,1066327,290,257871,743786,740921,10612336,
0,23346767,759566,963956,220,5197005,746911,70,232784,759165,773491,10796429,
1,19792594,807304,1671445,70,5452341,972502,121,239336,754546,732845,10834439,
1,22895708,745369,966280,80,5215749,990376,191,238615,771858,726664,10635490,
1,19511799,1799664,969577,341,5196404,1039066,380,276475,791024,749616,10608950,
1,22447843,751791,964768,220,5210449,1052471,270,255116,765436,741011,10588854,
1,19641443,1892246,1013469,180,5180183,931596,210,233716,754466,701537,10692427,
1,18960813,1224442,972904,80,5198597,989093,260,250797,795071,794100,11245556,
1,22026468,1450913,967312,70,5216862,1069994,290,234206,770656,734308,10450365,
1,18983255,1249267,973243,230,5219476,1067940,591,243393,739909,730461,10602589,
1,23634964,746431,967563,311,5179321,1092175,391,249295,753494,721805,10758660,
1,19102738,802886,967002,180,5325554,1072699,260,268791,732495,860394,10577483,
1,23350734,785193,968034,170,5152561,1077978,291,271326,728157,731082,10552475,
1,19715350,1233128,977211,170,5246316,1027715,280,249475,724640,743756,10280880,
1,23822483,1232657,988061,160,5877582,1019270,190,249686,727836,854042,10795449,
1,18096023,757622,966902,231,5204808,1039166,351,260806,718018,729569,10670766,
1,19379705,1223500,980617,171,5233742,1041631,231,284770,741182,728217,10653334,
1,23209100,757351,967633,160,5170435,1139563,180,269692,727957,726895,10276622,
1,11882462,1233670,2489610,170,5200271,1326401,261,267458,745229,732274,10456396,
1,13476352,1231665,1589682,171,5945510,1499485,301,270864,732766,1211297,10800987,
1,8449527,750910,1400640,160,5275110,1106321,230,262689,737354,717366,10412795,
1,11297212,1268905,984325,220,5437944,1056419,410,260476,761378,730983,10633274,
1,10793956,795242,967412,160,5521379,1044326,400,275714,760988,726524,10731639,
1,15160292,809187,968514,220,5254912,1124245,330,282056,753334,726163,10473429,
1,11550213,797396,967924,331,5553189,1044116,200,263531,746090,735471,10207701,
1,11511432,823124,967553,221,5571782,1028306,291,264162,732575,950842,10781853,
1,10950817,760377,966712,161,5174793,2005828,260,261648,733947,739798,10645749,
1,10599803,1679019,1318798,161,5250254,1191130,471,278779,746422,711566,10353764,
1,14015488,884428,965268,160,5155898,1102424,451,275494,721254,726995,10184350,
1,11881330,1569124,968365,90,5160718,1005384,140,251488,753003,733737,10541543,
1,15136017,772109,965599,170,5183078,1087706,130,261006,755579,743666,10617185,
1,15957127,763002,1208171,151,5377530,1061448,370,262429,751851,718258,10608661,
1,11542189,922099,966642,80,5300478,1022646,410,262309,739658,708020,10594353,
1,10746136,1215675,970709,230,5384363,1032224,320,262780,759776,727967,10612547,
1,10794456,766959,964968,180,5144687,1094008,451,246189,787547,727105,10847964,
1,11435230,758253,996167,161,5136421,1038335,170,296973,762180,730652,10751756,
1,12096563,1222357,978493,230,5230267,1164089,281,266787,797526,749767,10875397,
1,14244955,1216077,972323,90,5355751,1146055,431,273640,792818,732825,10754641,
1,10575207,1244149,976169,70,5319102,1114326,421,276255,794711,724901,11166660,
1,15173176,1223099,971420,210,5253279,1062289,531,250457,777319,817713,10678661,
1,10470581,1219272,972773,261,5154326,1022836,271,259152,788278,791114,10684300,
1,11456420,1249869,969326,80,5220017,990285,191,250777,770346,737684,10359836,
1,11009646,750709,967022,160,5194761,986768,260,250156,855454,722706,10560930,
1,15480669,781827,964327,270,5325475,1131850,320,252941,786045,727526,10866239,
1,11154507,1244349,989784,161,5229685,1039958,370,244506,768923,745459,10607818,
1,15098865,1224963,967454,220,5163122,994523,451,249936,738646,722256,10672729,
1,10992756,1223340,971770,80,5195061,1012357,360,265355,763733,741372,10571099,
1,11209620,1246353,972813,240,5190712,1083640,400,254104,758433,727776,10208143,
1,15651586,1637853,1109769,300,5253971,1069022,391,262710,760177,758794,10533710,
1,14820137,1233097,991117,90,5196705,1080523,140,242912,751490,730662,10419035,
1,11488871,1680080,974736,180,5288555,1211157,271,255786,753605,721584,10410090,
1,10268755,1432950,977502,161,5161950,1042292,360,273630,782248,751400,10816416,
1,10777625,1677927,1471381,160,5179291,1616663,170,248884,737163,1639456,10111684,
1,13307019,1681955,1475099,181,5279788,1467083,310,257660,770286,1687685,10925832,
1,8535705,2443023,1558324,170,5243864,1109287,381,278769,817984,741482,10349005,
1,9252333,1225594,966592,230,5337837,1091855,401,246640,783420,729429,10792533,
1,10785768,735631,967533,160,5186847,1360536,170,254855,779312,730942,10811026,
1,15041811,736443,991537,161,5309896,1011144,221,266176,751942,742193,10910832,
1,11438106,1219383,972081,161,5358486,1030189,220,256428,1009631,741071,10786231,
1,10422792,1221867,967984,210,5211342,1060727,461,267458,996147,741481,10646689,
1,14802225,1226486,975217,241,5585127,1031553,371,254334,761189,721024,10836664,
1,10593251,1928875,1141797,70,5257197,1075764,200,271867,777599,932117,11015809,
1,9539687,1241784,975989,200,5206644,1025341,190,261267,717817,724050,10669272,
1,15695048,750268,1048063,91,5127656,1058243,160,236431,717357,732586,10574205,
1,15338163,742133,966812,160,5263147,1162346,321,249575,736232,738716,10367160,
1,11585138,1671836,974526,90,5166748,1207430,281,254935,777499,747673,11118259,
1,9935435,1218991,972682,210,5176556,1001686,260,255446,796986,734629,10793553,
1,11056535,1946317,1459139,100,5301138,1592768,752,250146,787377,1939554,10627094,
1,8046785,2121012,1226906,161,5185614,1028246,241,263491,778470,1316834,10886406,
1,13184881,2120562,1505235,160,5565682,1501749,480,249896,736803,748715,10567552,
1,8988500,761820,965549,230,5299176,1039767,311,256989,734459,752162,10565008,
1,15556099,1264205,978012,130,5144749,1262442,260,281645,750188,753003,10332685,
1,11227023,1243938,1445032,260,5269039,1107263,420,255707,729289,791475,10542447,
1,10524011,739488,964017,270,5196695,1053934,361,257329,742433,741933,10641209,
1,11753012,1216897,973303,160,5165446,1143151,200,266306,764916,726785,11224076,
1,14490083,1217939,969277,270,5264370,1144974,350,291744,756139,752442,10587290,
1,10960905,1236535,972352,210,5289137,1039227,391,266677,780595,731813,10619850,
1,14983652,1236214,971360,80,5215651,1080323,361,277236,746271,746020,10686945,
1,10933496,1221406,973153,220,5137794,1119767,541,260896,737333,740890,10382860,
1,11474172,750739,966271,270,5275823,1138622,400,287175,752863,779623,10852313,
1,15055627,749968,968444,170,5314694,1108986,431,286444,759355,761239,10391835,
1,11626006,1723401,2084074,160,5152782,1140535,341,277227,758514,734819,10352724,
1,9655603,731353,967203,231,5167411,1116751,421,265445,727245,805081,10498343,
1,11640473,2247237,997168,160,5156158,1125637,370,277267,740920,757732,10276331,
1,14808126,1251813,965699,170,5256064,1000103,270,252961,720262,823485,10568175,
1,10423504,741652,967994,230,5266916,1044557,180,262650,772940,723238,10965764,
1,11215612,753454,966461,220,5150558,1006195,300,276856,769975,729460,10553628,
1,11788578,758644,966962,160,5152923,1071647,351,271937,768943,760146,10547675,
1,15669801,744287,964768,160,5172059,985797,221,274381,772950,729640,10575697,
1,11865673,734529,966912,151,5191013,1006496,160,248513,763913,728737,10585096,
1,16002441,745308,967162,260,5313832,996106,421,263701,767200,742654,10927435,
1,11101877,1220344,971951,240,5294528,1052852,230,264833,780495,770927,10476191,
1,10846654,742013,969737,221,5189059,2063786,381,315498,801213,730251,10462308,
1,10953051,743786,968255,300,5154847,1051680,311,252751,812764,721745,10524212,
1,15464949,1492601,966781,110,5193749,1005143,260,255045,726785,742413,10738651,
1,10882530,2312530,985757,70,5184872,1043454,291,252761,715543,715945,10678350,
1,14149188,1685170,1050858,80,5229785,1164410,260,266317,727626,749556,10342264,
1,11038330,1225574,967292,70,5377962,1017206,161,253202,767751,763282,10921081,
1,10644156,1228108,967874,151,5262586,1063682,291,270254,781937,738336,10932614,
1,10954172,1218110,972833,170,5192768,1108535,160,269322,789341,730822,10609731,
1,14412258,819608,967302,210,5287323,988452,180,269502,765397,724520,10780470,
1,11437735,1152347,968535,70,5163232,1009341,261,262589,730692,754376,10980172,
1,15208901,1216899,970799,231,5171287,1121921,370,260015,742143,735230,10565409,
1,10986755,1197452,976520,230,5187256,1016204,461,263631,732335,739818,11009286,
1,10865438,1224221,970198,261,5164203,1028526,351,272447,729750,718569,11248092,
1,14602662,909254,968806,70,5178962,1002027,260,279080,715353,734459,10458759,
1,11672051,1220615,968945,241,5210850,1034298,281,267438,712087,726965,10998626,
1,11046536,750128,967103,170,5179061,1103677,290,259123,712868,735431,10959915,
1,15018617,779783,966091,210,5210020,1122322,360,252060,714030,760437,10782884,
1,11388583,1217809,967943,90,5264230,1056539,410,270645,771478,760437,10786019,
1,10935590,1237856,966060,260,5246997,1093668,270,253062,748114,729840,10221609,
0,11732132,759846,968284,80,5168432,778270,391,259554,832622,744878,10594492,
1,15391903,809979,967282,90,5461347,1044056,200,252851,748195,1464219,10481261,
1,10832828,751800,967674,70,5183880,1111722,410,261447,729289,742092,11018144,
1,11506632,758182,967624,160,5154657,1148520,531,265144,730822,713189,10630990,
0,15281407,1539408,1071927,160,5413067,776357,341,276055,743526,1346420,10386535,
1,10185442,1798902,972963,80,5175244,1124435,371,262660,735330,723008,10662090,
1,10983717,1243848,972573,70,5118449,1009401,190,224709,717187,744607,10561851,
1,14982380,1666145,976189,90,5292221,1190909,260,261237,728328,770977,10555780,
1,10366269,2124579,1458158,170,5181506,1119416,260,275593,716785,701297,10977257,
1,9408633,1764408,1087456,100,5186346,1197863,361,265244,736933,725843,10780980,
1,14358738,1219142,972222,80,5251015,1214704,221,279081,810711,743065,10868183,
1,14752812,1221276,987771,240,5447321,1211527,390,274241,791074,728057,10868104,
1,10382989,1218641,967994,80,5256385,1157517,290,264383,781937,704944,10644766,
1,11072373,752542,966722,100,5170284,1196079,471,283368,791085,717247,10583873,
1,16036344,755638,969186,80,5169122,1207681,321,272778,751250,739709,10581570,
1,10956888,753795,968085,171,5169373,1193144,311,263421,733807,749457,10571219,
1,11574620,1240492,970308,271,5275411,1176322,401,270094,744007,749066,10828439,
1,14616779,1216657,968866,211,5157301,1187273,491,278228,734088,736112,10480912,
1,11256536,1361067,984575,160,5268378,1151205,291,256097,721224,722256,10395482,
1,11098693,752312,965830,170,5397939,1171152,391,276926,764625,743436,10252055,
1,11955370,784952,968685,70,5452550,1295615,311,281554,753394,742494,10290708,
1,14871873,747723,966402,331,5154335,1244870,390,262650,740810,744007,10383199,
1,11591562,1685381,1448319,120,5220428,1162176,311,251399,726194,758253,10558085,
1,10059246,1216266,971501,271,5041935,1229912,271,263320,745128,726724,11255265,
1,10844659,743626,967834,150,5091399,1219032,360,253753,744748,732485,10570748,
1,15509673,754376,966711,221,5209157,1211799,351,259774,732876,731524,10380764,
1,12004471,1688356,1444933,171,5230416,1175771,260,259363,723889,890950,11406958,
1,13015604,1220194,968174,271,5419610,1153139,320,274652,734148,885120,10919679,
1,10571720,1217569,968124,230,5246587,1161125,491,253432,724099,792227,14185234,
1,7298132,1681032,1447827,101,5367892,1192853,261,245948,759355,833213,10292992,
1,13902787,3260457,2261184,160,5464693,1229331,491,274712,737023,1106201,10805297,
0,6785514,1216136,968064,91,5194089,876424,231,225229,718550,742514,10770301,
1,11633480,1681844,1464108,70,5402998,1159270,300,250767,724350,1122762,10724346,
0,12930976,730652,966391,220,5267206,874229,420,206495,715503,693772,10473477,
1,11877595,734398,966712,160,5314463,1165302,321,281905,795924,732605,10928966,
1,11074388,1227387,971591,71,6083507,1126790,410,275844,795583,731834,10708927,
1,10094420,1227999,1636038,151,5193459,1139193,251,281494,780745,829626,10131760,
1,14946513,1221316,971500,170,5253299,1080795,241,284079,786616,730682,10898790,
1,11109854,878888,964928,451,5161848,1181792,320,260185,740049,730041,11206685,
1,14512434,746983,965289,211,5256415,1171573,210,262669,754917,732675,10613027,
1,12158278,768172,968204,70,5274098,1145054,360,249936,738657,738807,10647952,
1,10617246,1260358,976109,120,5153985,1271920,150,273279,754676,785474,11055052,
1,14374537,1694167,1823468,151,5140479,1163749,351,257169,729600,770135,10494508,
1,9979947,1230913,974756,170,5144238,1176532,350,248103,720783,711916,10814362,
1,15307717,756580,1534580,260,5269860,1109248,621,299689,748455,730953,10512239,
1,11033723,2343808,1018218,100,5189080,1219703,210,258021,752843,748194,10617396,
1,9133379,1560478,967022,270,5192448,1097515,381,277347,726554,1335939,10660936,
1,9969850,1229491,969115,361,5139337,1221686,331,274130,753684,731804,11431353,
1,10725877,759816,966932,230,5148885,1149462,361,270554,819387,737724,10584854,
1,15312024,811432,969226,160,5306119,1244589,420,279100,761298,2377982,10766032,
1,9260519,1218370,968033,300,5117156,1201208,400,305570,775515,744968,10582100,
1,15178165,1220073,970017,220,5368254,1196219,210,280052,777589,741742,10853627,
1,10776040,1268404,967272,551,5446631,1169048,320,284310,755728,737254,10658662,
1,14980086,1218530,971169,221,5253961,1177294,471,264183,776948,748976,11044451,
1,10236968,1217378,971630,250,5271153,1180710,470,262089,741241,881222,10516969,
1,10956887,1218481,968494,241,5206835,1195017,521,287316,738225,742404,10590524,
1,10984771,1217980,975067,150,5172278,1263315,271,282176,739909,725572,10871709,
1,14584980,1226605,971741,271,5269168,1200407,351,286664,742383,737214,10576219,
1,11065791,1717722,971591,400,5204919,1082437,451,246189,727646,754837,11371832,
1,13891115,1217960,971610,70,5171428,1194546,531,280052,746120,732255,10582470,
1,11030607,1264226,1111621,160,5212303,1234000,661,276285,731904,798388,10561853,
1,11362063,1293581,969757,161,5457220,1177965,341,264072,730781,766499,11333310,
1,13614490,1221036,969416,170,5357435,1177415,391,278599,762401,739568,10298300,
1,10951108,1698455,1462165,131,5296229,1161495,561,265134,752873,872326,10882350,
1,9213409,1674581,1448971,171,5281972,1612174,371,271466,754716,1732890,10885506,
1,12506425,1216587,968996,80,5359058,1160923,511,264173,764284,743295,10345087,
1,10960005,1696821,1450864,460,6758475,1626081,290,259233,721905,1548476,10957068,
1,6957256,1232286,1121971,160,5651822,1199586,421,278449,724280,716134,10641531,
1,10409727,754636,1130707,161,5167130,1198423,331,282987,748305,751500,10575316,
1,15385532,748635,965930,221,5171827,1147789,290,268240,714402,717878,10608800,
1,11987990,747993,965419,170,5229515,1222428,281,280933,735921,734769,10628076,
1,15136366,1222969,970639,230,5271734,1127060,370,253903,725092,741391,10315373,
1,11349470,2721461,997759,110,5317440,1377027,240,303246,759105,745509,10486511,
1,9002367,1686022,1448770,161,5166287,1522618,181,269161,724400,754416,10834571,
0,9638321,747162,966611,160,5150049,866926,210,248734,705895,712759,10368431,
1,16174862,1222568,972122,271,5184881,1161225,281,271056,730812,725122,10323247,
1,11340775,1219783,971601,271,5308662,1196960,380,262129,738757,731533,10418566,
1,15512018,762060,966531,160,5289477,1125768,381,238684,741040,760697,10396755,
1,11507794,1663460,1014591,90,5217083,1091063,360,262038,882835,845646,10545201,
0,10214506,1657038,1015302,160,5180583,850695,120,220381,787868,714842,10836575,
1,14871053,1221436,969747,80,5165355,1210315,340,266476,956893,743746,10663282,
1,10731307,1681222,1463557,81,5554392,1200006,451,240949,780805,782187,10575076,
1,9681603,1218150,972181,361,5269449,1197061,210,261137,767761,750719,10887990,
0,14569381,1219001,971150,231,5230847,878016,491,217245,791936,743115,10884995,
0,11131462,1181221,969848,221,5535907,841398,391,215342,772519,726303,10568934,
1,10983920,758293,968415,170,5215098,1176162,421,272427,765417,744147,10612837,
1,11296442,763533,968355,160,5199699,1298610,170,273840,755819,749256,10888561,
1,11348537,752913,964227,221,5145349,1174138,551,253753,714752,828413,10897817,
1,14928430,759716,969186,260,5154175,1205948,471,275463,742994,729509,10379833,
1,11735180,760246,965849,160,5189901,1149272,351,270675,721324,718619,11210492,
1,15017034,1732799,1134725,170,5302481,2424658,250,414282,836258,726003,10507692,
1,8998448,1303539,971320,90,5245505,1150364,261,271836,753505,739428,10336071,
1,11320586,1244609,1467995,80,5225217,1073100,200,244225,746130,725632,10928507,
1,14230289,1221897,966461,260,5224966,1135395,431,254524,756189,707018,10729095,
1,11257969,1231044,1463988,140,5178422,1053413,170,266928,750458,720072,10544058,
1,10568726,1419806,976279,90,5203286,1158909,381,259504,728687,715583,10866130,
1,14270384,1217508,970178,260,5386076,1123373,301,260585,727145,706125,11051726,
1,11070720,758914,968054,70,5232242,1137229,290,267308,729249,767610,10508832,
1,11368927,756640,967924,250,5153724,1180520,270,267809,754516,727626,10632816,
1,15293360,1232397,2176296,160,5181355,1173817,671,276695,962804,765827,10547877,
1,9693543,1260730,1275357,230,5122646,1079010,220,247612,767019,728668,10897348,
1,14744737,1244429,974186,160,5208076,1160573,381,257971,747994,723398,10682276,
1,10994158,1222719,1413864,260,5207945,1169799,200,270774,722957,760487,10780059,
1,10318769,753104,967123,160,5192326,1161855,140,295671,752282,724450,10685352,
1,15339706,757932,964177,180,5118098,1145113,491,252430,716075,730080,10434695,
1,12402702,1679249,997058,371,5234234,1156766,370,260526,805691,765627,10499065,
1,9844726,1216787,971421,221,5188588,1156365,261,275534,745419,729179,10898230,
1,14805089,1217499,971430,231,5164604,1222658,271,276044,749176,725262,10605644,
1,11010819,1218150,970829,231,5154174,1188675,481,266687,740921,714060,10422352,
1,11260926,1223380,966681,250,5184601,1159962,261,252230,719871,1236985,10296849,
1,14914963,1452417,971160,80,5170856,1198924,180,268911,729029,718358,10386046,
1,11201484,1236504,2368073,160,5183391,1702593,411,264482,737925,736082,10625710,
1,8883515,754586,966912,161,5136611,1148250,300,265024,720923,738436,11365190,
1,14863448,762410,967754,261,5153052,1181392,471,268501,722516,753164,10771483,
1,11184922,1215776,970679,80,5203789,1150794,311,257701,744357,748795,10896064,
1,10718695,1218951,972092,171,5198376,1092034,371,255927,743535,744988,10384412,
1,11321497,1684751,1449682,80,5153293,1125708,361,251328,723128,700064,10794106,
1,10093238,1228570,983924,170,5167291,1075975,371,259503,743756,765125,10721429,
1,15147308,818315,969537,161,5361742,1274195,171,279431,795042,710054,10801929,
1,10890495,757913,968114,230,5187016,1188755,460,273450,798708,730802,10860199,
1,15232055,784242,963335,160,5355470,1166874,381,238154,764054,754145,10542686,
1,11701526,1692324,1778925,170,5182057,1205757,461,262480,794140,756991,10627413,
1,9454309,1673278,1756113,160,5185723,1235022,271,276506,784401,2759994,10320242,
1,7650757,1288241,1643604,71,5187427,1108846,370,258011,822112,716506,10973069,
1,10013771,1307787,1221637,160,5224987,1106503,271,255577,750749,735922,10342573,
1,15597877,757001,966150,70,5225307,1070635,371,270193,723238,737384,11011190,
1,10597277,1221847,974716,271,5166828,1086034,161,248202,764695,754216,10490079,
1,11249132,1223069,975247,150,5532341,1132691,250,250988,782468,716766,10944264,
1,14409383,746050,967623,170,5146450,1144644,361,289419,890701,726965,10655988,
1,11348669,898184,967022,170,5128888,1132570,361,256028,763583,726213,10576280,
1,15512407,749267,967073,161,5156870,1231084,160,282446,755017,762661,10466294,
1,11319454,750809,967724,211,5139138,1087466,391,280112,754536,949599,10538578,
1,11559783,762441,963675,271,5087741,1163337,441,261367,725872,739689,10520206,
1,11781264,751962,966962,270,5183049,1160723,461,264262,720222,709883,10622765,
1,15903126,2036936,1019270,161,5160297,1146126,371,261066,751531,742704,10841492,
1,9758225,1465101,973614,161,5196142,1087637,170,252951,758514,753594,11226110,
1,14671421,1245300,976620,161,5244803,1127120,270,255556,760848,740019,11315918,
1,9993833,1682957,2094825,160,5273257,1176292,370,271747,795652,735440,10708796,
1,9213659,1691673,1561600,161,5191054,1089079,230,275804,765317,777469,10690301,
1,13991093,1219673,967012,230,5283396,1133703,200,258552,737454,728198,10578793,
1,11011762,1225453,971340,160,5176727,1174929,541,258732,754275,733678,11517744,
1,14131243,1216358,972853,220,5291281,1095491,290,272568,765506,745779,10838468,
1,10775491,1218070,973173,241,5178781,1154902,381,265855,725291,731163,11217694,
1,10484810,755007,970339,160,5212774,1198674,280,261748,750158,716295,10474460,
1,15505215,1538197,988973,170,5199829,1085693,230,240578,728368,784492,10389963,
1,10942471,2192736,1466734,370,5253722,1073661,310,273019,752192,797937,10702393,
1,9981692,1086164,967934,220,5198808,1172595,160,258702,763984,723929,10925009,
1,10390392,771057,970008,90,5085437,1124927,251,266687,780294,726745,10807219,
1,15368118,756410,967093,160,5129330,1147468,350,246540,769173,728838,10722761,
1,11687230,755418,967483,171,5131642,1111641,481,348960,762130,719361,10641951,
1,11521892,767460,968034,170,5145107,1178245,250,256568,773912,823564,10674063,
1,15670893,794781,966221,60,5181756,1114557,261,276506,768542,738356,10370456,
1,11583386,1243687,976570,160,5193258,1209214,191,240428,774383,735832,10887639,
0,10544911,1231816,976049,81,5299846,826049,391,199241,760778,988221,10781563,
1,14714712,1684218,976369,161,5163963,1150404,361,245537,775875,863119,10588503,
1,10431197,740149,968945,150,5119371,1140255,361,240028,774162,905237,10997353,
1,11323803,746160,968134,290,5140940,1129855,371,260695,908453,758574,10731068,
1,15180870,1215675,1436427,140,5297241,1152318,311,263901,772961,1824149,10995130,
1,9023575,1563945,970038,161,5188077,1065245,231,254815,765557,723148,10792011,
1,14656111,745078,967213,161,5185465,1170612,371,270273,738496,727455,10638023,
1,11558640,1220886,967583,260,5233683,1150735,351,256417,722396,777949,10647593,
1,10970413,1229351,974126,160,5204759,1195097,171,242361,719040,735771,10683961,
1,14919612,749406,969827,270,5242089,1189386,201,265865,763924,735991,10788124,
1,11330564,748645,966170,230,5158653,1124616,270,247481,736273,735651,10552925,
1,12167956,754135,970559,160,5111896,1152608,401,274341,780294,731563,11107190,
1,14506532,740140,969737,280,5173782,1175601,240,282226,778440,950542,10607488,
1,11455968,743175,966170,190,5135320,1242196,191,262118,738667,735942,10494106,
1,11388393,1221265,965460,240,5188749,1162416,361,254714,725201,717838,11348238,
1,10664363,1219062,965860,291,5174883,1151916,370,244706,725983,728448,10418696,
1,10832307,1255510,980837,170,5237490,1212279,140,258782,750068,741772,10426098,
1,15510404,1247394,973113,160,5170706,1213312,170,239777,720863,769274,10942311,
1,14768552,783139,967072,91,5351412,1124736,411,273369,743655,762420,10547497,
1,11525247,1248067,1451846,81,5690274,1171874,551,262038,942526,988191,10799786,
1,9177672,1219643,967903,221,5152983,1203503,451,265706,731794,739468,10773315,
1,14834996,1216086,971109,231,5123899,1207200,360,262490,735551,734849,10595474,
1,11105656,1168508,968815,381,5179201,1129755,260,277938,730712,720222,10623288,
1,11431101,753764,965099,150,5181317,1167515,390,252721,722487,747262,10623847,
1,15304881,818445,963887,170,5507603,1212741,221,267609,734489,1081276,10747878,
1,10737089,1674931,1466904,160,5213155,1208772,331,278198,742965,730281,10989910,
0,9310439,761540,963896,260,5223785,830477,541,218347,726052,762520,10099780,
0,12332843,1681794,1463277,171,5160537,843011,481,209570,798298,706216,10573052,
1,10340912,1291356,966812,280,5379134,1162125,381,255998,733216,722787,10766665,
1,15073340,772299,967844,221,5126423,1093147,241,255656,780695,727185,11387953,
1,11490873,754747,967382,70,5175877,1140335,190,240879,722185,760207,10739342,
1,14800121,809749,967433,161,5342236,1129816,321,269883,729139,724381,10597888,
1,11527232,765566,967223,170,5206812,1153770,301,257611,719510,723980,10572143,
1,15397083,765005,966761,160,5367272,1099489,622,253533,735300,723939,10739644,
1,11815277,761519,968354,90,5273128,1115398,201,261306,742964,723568,10526776,
1,11554713,764555,966952,160,5185453,1228089,151,265915,741983,728969,10640378,
1,15071807,757160,966791,170,5195642,1159631,401,256659,736713,722015,10775982,
1,11457712,1233779,974516,170,5177328,1132170,481,249786,756510,1333114,10510798,
1,10398677,1218280,971690,160,5184323,1155393,491,264303,766769,737053,10568173,
1,14943688,1218591,968234,231,5211943,1174890,460,268791,761229,787528,10841913,
1,10669975,1223760,969026,80,5181616,1183225,501,269762,765527,793449,10605334,
1,11025706,1578853,973274,181,5170204,1127340,260,252230,722036,728056,11438537,
1,9708782,1691843,1469047,151,5145428,1182604,360,274742,737715,724551,10905572,
1,9944864,1316563,970849,161,5180062,1156765,271,256127,744558,714010,10777645,
1,14620005,760126,964938,230,5190843,1161985,350,244275,717237,730972,10562514,
0,12004720,1221295,965880,231,5148626,810179,360,213869,711706,715874,10776993,
1,15445043,756320,964427,271,5181966,1251572,281,247842,721796,748295,10805646,
1,11231692,1110409,969988,161,5129889,1155493,170,339102,719100,741412,10368473,
1,15520392,816852,967203,160,5487456,1149672,441,251910,720102,1235723,10577422,
1,10664392,1230152,974486,340,5220179,1124556,501,263561,789552,753844,10775760,
1,10626343,757121,968575,271,5126312,1224372,460,254865,814538,740570,10858035,
1,11017251,1220736,967684,271,5196403,1106011,491,255266,803608,735741,10530415,
1,11197766,1215746,973364,80,5269721,1167796,431,257850,799660,732154,10665244,
1,15122792,4552082,1457957,80,5180455,1111331,200,242482,755418,750358,10721960,
1,11270152,1217008,971650,70,5195001,1159401,421,264343,773081,744077,11065550,
1,10433093,1217669,968194,311,5145638,1110489,160,262609,761449,741532,11133819,
1,10541735,1215265,973053,90,5128838,1147328,260,354831,776607,740130,10745515,
1,10931430,1329597,971420,280,5244784,1169019,191,245006,729029,811713,10439844,
1,15216366,1719164,1481241,111,5405314,1131519,391,231752,742003,749257,10110129,
1,9973978,1217248,964657,160,5169503,1141157,351,255175,726053,719691,10604843,
1,11210410,1270738,977802,80,5188720,1123063,370,266777,741662,815008,10919308,
1,15131439,1761933,1222498,101,5370409,1186832,321,349171,781326,729770,10383288,
1,9995608,1247224,973184,150,5213185,1212159,361,302444,1126640,735621,10573214,
1,14468353,756079,966090,180,5338708,1114106,381,252882,728077,709331,10846333,
1,11392509,1047843,1350777,331,5270443,1154552,170,259954,719220,735421,10694579,
1,14967232,758713,1040398,70,5253980,1073000,470,262580,721104,811192,10570688,
1,11945672,754466,1136828,71,5151380,1126519,280,246690,717557,859050,10487344,
1,10757085,780595,967113,171,5195031,1165031,321,267428,715523,721985,11077964,
1,11052927,752302,967342,160,5197918,1137800,281,260405,902963,721514,10576990,
1,15418824,754786,967653,230,5336554,1058934,331,253312,735841,722336,10609841,
1,11530007,749707,966180,170,5202064,1235913,170,263451,738396,806463,11071062,
1,11045544,750829,967353,171,5181386,1056158,350,254985,916188,718529,10833920,
1,15086253,2568677,1425607,170,5277896,1634005,371,267488,761730,726313,10583462,
1,8805299,754597,966922,80,5174753,1245922,360,263972,754326,722467,10919889,
1,11067946,779312,967723,261,5277564,1138262,471,261246,775415,710043,10890245,
1,15169999,1742047,1001497,70,5170184,1059364,230,256398,762621,781256,10617006,
1,10451466,1700809,1468937,161,5192046,1177203,310,284450,777509,818285,10924487,
1,9644804,1225815,972291,160,5166848,1068070,400,352517,734378,747884,6870805,
